account_id,customer_id,account_type,account_balance,account_status
1,495,Current,672528.46,Dormant
2,947,Corporate,197562.02,Active
3,755,Savings,895757.27,Active
4,1321,Corporate,106492.8,Active
5,211,Current,706843.25,Active
6,1147,Savings,500049.15,Active
7,1253,Current,870059.63,Active
8,1412,Savings,127068.9,Active
9,140,Corporate,678217.02,Active
10,541,Current,572482.58,Closed
11,1415,Current,480610.05,Active
12,270,Savings,491915.86,Active
13,1036,Savings,722254.98,Dormant
14,1413,Current,937803.91,Active
15,1361,Savings,92160.41,Active
16,506,Current,20483.14,Active
17,1130,Savings,805899.09,Active
18,32,Corporate,109061.22,Active
19,1098,Savings,986710.1,Active
20,1195,Corporate,619728.9,Active
21,1093,Savings,651215.53,Active
22,813,Savings,199692.81,Active
23,362,Current,241072,Dormant
24,1457,Savings,659690.95,Active
25,929,Savings,909817.11,Active
26,100,Corporate,982408.16,Active
27,9,Savings,198832.92,Active
28,697,Current,134985.5,Active
29,1053,Corporate,57344.96,Active
30,1138,Current,868428.72,Active
31,462,Current,295420.13,Active
32,921,Current,2810.22,Active
33,1167,Current,224594.27,Active
34,390,Corporate,341100.64,Closed
35,632,Savings,990995.18,Active
36,682,Current,524018.05,Active
37,157,Corporate,205509.23,Active
38,335,Current,335483.53,Active
39,260,Savings,330977.38,Active
40,82,Corporate,20706.02,Active
41,754,Corporate,136047.87,Active
42,1465,Savings,695501.26,Dormant
43,1196,Corporate,121130.74,Active
44,1255,Savings,231503.54,Dormant
45,720,Corporate,351386.56,Active
46,75,Corporate,757977.21,Active
47,1294,Savings,582818.56,Active
48,626,Savings,689310.99,Active
49,62,Corporate,567445.31,Active
50,874,Corporate,683908.83,Active
51,320,Savings,3839.31,Active
52,102,Savings,930967.25,Active
53,1453,Corporate,111809.31,Dormant
54,874,Corporate,406842.85,Active
55,954,Corporate,771267.33,Dormant
56,255,Savings,435795.49,Active
57,570,Corporate,946895.71,Dormant
58,112,Current,468121.36,Active
59,985,Savings,875064.47,Active
60,1337,Corporate,811017.29,Active
61,998,Savings,981005.32,Active
62,461,Current,926621.23,Active
63,708,Savings,898225.71,Active
64,887,Corporate,731872.74,Active
65,1486,Current,367631.15,Active
66,1116,Current,107019.29,Active
67,1076,Corporate,688956.41,Active
68,520,Corporate,978675.43,Active
69,812,Corporate,726877.83,Closed
70,1122,Savings,928800.64,Active
71,236,Savings,804500.41,Active
72,1398,Savings,163951.56,Dormant
73,927,Corporate,249954.57,Active
74,557,Corporate,342523.74,Active
75,649,Savings,169092.18,Active
76,234,Current,582069.68,Active
77,1056,Savings,975475.07,Active
78,1313,Current,761697.37,Active
79,579,Corporate,423963.36,Active
80,542,Corporate,5499.98,Active
81,114,Savings,313962.74,Active
82,204,Savings,527232.53,Closed
83,1053,Corporate,324926.62,Active
84,643,Savings,111923.89,Dormant
85,474,Corporate,443322.19,Closed
86,697,Corporate,253999.56,Active
87,253,Current,909323.14,Active
88,905,Savings,102652.77,Active
89,386,Corporate,50103.48,Dormant
90,62,Savings,6308.85,Active
91,515,Current,328741.61,Closed
92,430,Current,660726.45,Active
93,580,Savings,730683.34,Active
94,1165,Savings,453808.42,Active
95,743,Corporate,684644.32,Active
96,1324,Current,360554.12,Active
97,675,Current,668138.41,Active
98,311,Current,41555.39,Active
99,471,Savings,391362.23,Active
100,1417,Corporate,791058.83,Dormant
101,1469,Savings,803203.02,Dormant
102,809,Savings,716432.63,Active
103,172,Savings,205034.38,Active
104,576,Corporate,247957.91,Active
105,31,Savings,996092.64,Active
106,47,Current,104274.63,Active
107,130,Current,181482.04,Active
108,352,Current,130896.23,Active
109,978,Corporate,328327.31,Dormant
110,58,Savings,210965.66,Active
111,1130,Corporate,498190.27,Active
112,812,Savings,476544.69,Active
113,1354,Current,901604.11,Active
114,768,Savings,35705.21,Active
115,683,Savings,320559.7,Active
116,1407,Savings,597061.23,Active
117,1186,Corporate,605196.96,Dormant
118,997,Savings,480646.1,Active
119,286,Savings,815849.88,Dormant
120,1095,Savings,63659.45,Active
121,1478,Corporate,815672.28,Closed
122,886,Corporate,495259.49,Active
123,397,Corporate,134626.93,Active
124,26,Savings,885816.21,Active
125,313,Current,649579.55,Active
126,126,Current,164382.14,Active
127,1432,Current,34616.07,Active
128,1222,Savings,141968.54,Active
129,811,Current,609189.16,Active
130,188,Current,180116.94,Dormant
131,698,Current,226537.31,Active
132,810,Savings,26114.59,Active
133,716,Current,723207.74,Active
134,450,Current,810554.04,Active
135,523,Savings,797051.33,Active
136,1378,Corporate,128440.58,Active
137,986,Current,903397.83,Active
138,658,Corporate,672606.55,Active
139,597,Current,897631.09,Active
140,100,Savings,447713.34,Active
141,616,Corporate,437517.91,Active
142,948,Corporate,784751.98,Active
143,556,Corporate,94204.56,Active
144,278,Corporate,521353.16,Closed
145,491,Current,836547.85,Closed
146,255,Current,830362.37,Active
147,381,Corporate,956176.72,Active
148,892,Current,698574.32,Active
149,542,Corporate,208562.86,Active
150,1288,Corporate,21260.03,Active
151,825,Savings,479936.38,Active
152,879,Corporate,514190.16,Active
153,1353,Current,241022.32,Active
154,1139,Corporate,125572.75,Active
155,1300,Savings,586621.96,Active
156,281,Current,764491.42,Active
157,1299,Savings,993160.95,Active
158,773,Savings,758544.31,Active
159,843,Corporate,793838.78,Active
160,719,Savings,616844.42,Active
161,328,Savings,985936.74,Active
162,211,Current,640316.43,Active
163,727,Savings,860393.03,Active
164,923,Corporate,945838.86,Active
165,552,Corporate,929928.64,Active
166,26,Corporate,382033.93,Active
167,27,Savings,79583.4,Active
168,702,Current,172701.83,Dormant
169,1107,Corporate,60164.08,Closed
170,682,Savings,106291.54,Active
171,413,Corporate,185466.59,Closed
172,167,Corporate,341753.22,Active
173,169,Current,543996.11,Active
174,229,Corporate,711970.38,Active
175,367,Current,211716.41,Dormant
176,528,Savings,672849.88,Active
177,791,Corporate,704554.82,Active
178,524,Savings,559063.71,Active
179,1096,Savings,903714.25,Active
180,106,Savings,111883.82,Active
181,732,Corporate,177944.34,Active
182,965,Current,429236.16,Active
183,1306,Corporate,127586.02,Active
184,133,Savings,566729.85,Active
185,534,Current,399002.07,Active
186,975,Savings,285311.2,Active
187,269,Current,170819.82,Active
188,1436,Corporate,336002.9,Active
189,673,Current,608351.39,Active
190,791,Corporate,576209.43,Active
191,18,Savings,164460.38,Active
192,117,Current,125794.89,Dormant
193,798,Savings,27650.09,Dormant
194,1168,Current,13413.17,Active
195,551,Corporate,879930.63,Active
196,929,Current,46043.77,Dormant
197,753,Current,731489.89,Dormant
198,422,Corporate,872113.11,Dormant
199,1393,Corporate,98959.79,Active
200,646,Corporate,436865.12,Active
201,558,Current,962340.68,Active
202,50,Savings,834304.52,Active
203,678,Current,490214.33,Active
204,106,Current,762808.54,Active
205,1240,Savings,833544.25,Active
206,658,Corporate,348678.94,Active
207,1449,Current,892260.76,Active
208,1096,Savings,471002.85,Active
209,988,Corporate,528279.56,Active
210,842,Corporate,999707.93,Active
211,446,Current,843459.66,Active
212,1210,Corporate,362408.24,Active
213,70,Corporate,11335.25,Active
214,150,Savings,626547.9,Active
215,1270,Savings,704209.51,Active
216,774,Corporate,651151.89,Active
217,1123,Savings,967894.49,Active
218,1302,Corporate,863108.06,Active
219,944,Current,449382.86,Dormant
220,455,Savings,63794.63,Active
221,1128,Corporate,476582.71,Active
222,946,Corporate,689554.78,Active
223,601,Savings,608102.1,Active
224,653,Savings,538598.93,Active
225,725,Current,469350.14,Dormant
226,233,Corporate,294468.11,Active
227,1418,Current,278069.41,Active
228,251,Current,500731.25,Active
229,79,Current,161442.54,Active
230,1076,Savings,341344.74,Active
231,898,Current,324655.3,Active
232,921,Savings,587545.67,Active
233,781,Savings,67615.62,Active
234,226,Current,829839.01,Dormant
235,1075,Current,562816,Active
236,1210,Corporate,671155.85,Active
237,1058,Current,703390.81,Active
238,803,Corporate,292192.65,Active
239,742,Current,470901.2,Active
240,131,Current,956289.71,Active
241,1023,Current,766938.53,Active
242,632,Current,969587.32,Active
243,1467,Corporate,746508.09,Active
244,838,Corporate,176424.54,Active
245,759,Current,65471.35,Active
246,1456,Current,578083.78,Active
247,704,Corporate,358455.47,Closed
248,497,Savings,276182.45,Active
249,1427,Savings,807403.79,Active
250,323,Savings,367626.27,Active
251,1234,Corporate,317683.97,Active
252,615,Corporate,850137.61,Active
253,329,Savings,846441.05,Dormant
254,1396,Savings,357010.27,Active
255,1484,Current,832666.2,Closed
256,133,Corporate,850927.71,Active
257,835,Corporate,424506.6,Active
258,651,Savings,67406.66,Active
259,121,Savings,2583.06,Active
260,606,Corporate,523769.17,Active
261,1476,Current,344731.42,Dormant
262,965,Savings,997134.76,Active
263,129,Corporate,772638.59,Dormant
264,1115,Corporate,761514.18,Dormant
265,29,Current,955287.53,Closed
266,722,Current,887836.67,Active
267,333,Savings,318869.29,Active
268,1321,Savings,166821.23,Active
269,1154,Savings,746146.37,Active
270,1317,Corporate,378895.62,Active
271,1197,Savings,473699.48,Active
272,944,Corporate,630767.33,Active
273,1048,Savings,907964.8,Dormant
274,1123,Current,419668.67,Dormant
275,1430,Current,783533.57,Active
276,356,Corporate,269071.45,Active
277,139,Current,698273.82,Active
278,1198,Corporate,2577.84,Active
279,29,Corporate,871635.71,Active
280,931,Current,31349.2,Active
281,496,Corporate,713041,Active
282,1014,Current,47211.93,Active
283,655,Savings,266979.45,Active
284,828,Savings,497705.2,Active
285,351,Current,420518.75,Closed
286,554,Current,192644.28,Active
287,299,Current,334481.1,Active
288,1216,Current,727978.66,Active
289,64,Savings,669587.84,Active
290,755,Corporate,72742.77,Active
291,770,Corporate,747568.51,Active
292,1239,Savings,53992.84,Active
293,834,Corporate,543383.46,Active
294,166,Savings,260802.69,Active
295,1256,Corporate,588102.44,Active
296,1219,Current,262067.07,Active
297,506,Current,984973.01,Active
298,1358,Current,310418.46,Active
299,793,Savings,242718.68,Active
300,1328,Savings,279186.83,Dormant
301,833,Corporate,896576.38,Active
302,1461,Corporate,636582.61,Dormant
303,1347,Corporate,730953.41,Active
304,858,Savings,918092.5,Dormant
305,1417,Corporate,911960.61,Active
306,806,Current,739206.9,Active
307,1173,Corporate,198626.6,Dormant
308,761,Current,843529.95,Active
309,833,Savings,204572.26,Active
310,1429,Current,743155.92,Active
311,283,Current,685917.46,Active
312,1386,Current,759129.96,Active
313,379,Savings,533153,Active
314,198,Savings,639087.46,Dormant
315,1015,Savings,953366.76,Active
316,1024,Savings,101987.51,Closed
317,556,Corporate,309538.43,Dormant
318,356,Savings,611745.66,Active
319,1453,Current,964090.08,Active
320,1041,Savings,96478.87,Active
321,639,Corporate,23526.67,Active
322,379,Corporate,56693.85,Active
323,680,Corporate,53353.28,Active
324,506,Current,907908.04,Active
325,899,Savings,721536.65,Active
326,76,Savings,677429.26,Active
327,231,Savings,523050.25,Active
328,962,Current,782170.66,Active
329,1272,Current,156492.34,Active
330,302,Corporate,392549.25,Active
331,726,Corporate,490514.25,Closed
332,215,Savings,111299.09,Active
333,1182,Current,420094.2,Active
334,69,Current,317185.28,Active
335,393,Savings,36546.56,Closed
336,1109,Savings,137598.67,Active
337,267,Corporate,764272.79,Active
338,1093,Corporate,19019.87,Closed
339,611,Corporate,934319.05,Active
340,1371,Savings,87338.21,Active
341,1009,Savings,799438.86,Active
342,962,Corporate,898717.92,Dormant
343,728,Corporate,941194.45,Active
344,673,Current,867609.55,Active
345,423,Current,288262.49,Active
346,1198,Corporate,333754.04,Active
347,115,Corporate,427119.15,Active
348,220,Current,140157.39,Active
349,31,Corporate,23250.18,Active
350,1367,Current,869252.49,Active
351,1401,Current,554574.59,Active
352,1154,Current,609114.22,Active
353,617,Savings,927061.49,Active
354,539,Savings,665455.06,Active
355,739,Corporate,691162.65,Active
356,1026,Current,787181.68,Active
357,871,Savings,117232.1,Active
358,101,Corporate,360801.99,Active
359,1082,Corporate,968239.72,Active
360,1413,Corporate,923007.15,Active
361,692,Corporate,884191.22,Active
362,941,Corporate,452636.42,Dormant
363,341,Current,857335.76,Active
364,861,Corporate,49347.49,Active
365,1044,Current,149368.91,Dormant
366,1279,Savings,414553.73,Active
367,1341,Corporate,483908.67,Active
368,38,Savings,264243.65,Active
369,660,Current,357120.19,Active
370,1410,Current,163613.32,Active
371,928,Savings,489644.9,Active
372,1050,Corporate,794049.45,Active
373,454,Corporate,661699.03,Active
374,1347,Savings,108684.46,Active
375,737,Savings,488094.02,Closed
376,819,Savings,697948.74,Active
377,773,Corporate,530365.4,Active
378,13,Corporate,392283.92,Active
379,915,Corporate,622292.51,Active
380,921,Savings,968670.03,Active
381,825,Corporate,95813,Active
382,371,Current,390626.04,Active
383,1315,Savings,407199.25,Active
384,332,Corporate,577390.34,Active
385,261,Savings,153022.43,Active
386,1229,Current,177466.39,Dormant
387,697,Current,286076.02,Closed
388,687,Savings,955914.17,Active
389,950,Savings,734374.47,Active
390,387,Current,662031.61,Active
391,821,Savings,817140.73,Active
392,468,Current,128448.89,Closed
393,1439,Current,859473.49,Active
394,69,Corporate,595237.88,Active
395,1496,Savings,335993.68,Closed
396,1128,Savings,816039.4,Dormant
397,1185,Corporate,802761.97,Active
398,200,Current,845862.87,Active
399,216,Savings,116402.38,Active
400,212,Corporate,969391.88,Active
401,508,Corporate,959666.53,Active
402,16,Savings,358112.18,Active
403,884,Corporate,66828.12,Active
404,332,Current,167888.61,Active
405,717,Corporate,992837.99,Active
406,551,Current,563449.93,Active
407,942,Current,357265.18,Active
408,256,Savings,288914.49,Active
409,992,Corporate,257734.74,Active
410,728,Current,664488.61,Active
411,880,Current,419968.44,Active
412,815,Corporate,965445.29,Active
413,1196,Current,684159.19,Active
414,649,Corporate,792252.55,Active
415,1000,Savings,293448.81,Active
416,471,Current,80107.22,Active
417,1408,Current,488335.01,Active
418,690,Corporate,315266.96,Active
419,700,Corporate,202881.08,Active
420,507,Corporate,952689.49,Active
421,992,Corporate,444544.23,Closed
422,1010,Current,175533.88,Active
423,804,Savings,199452,Active
424,831,Savings,281429.03,Active
425,1349,Savings,999316.95,Active
426,214,Savings,268743.49,Active
427,1232,Corporate,329473,Active
428,169,Current,659668.8,Active
429,1354,Current,294667.42,Active
430,1304,Current,216588.45,Active
431,978,Corporate,159478.55,Dormant
432,1329,Current,313369.98,Active
433,146,Corporate,106809.77,Active
434,516,Current,19627.94,Active
435,1114,Savings,804837.06,Active
436,453,Corporate,138757.05,Active
437,60,Current,776200.87,Active
438,1335,Savings,797744.94,Active
439,528,Savings,538381.61,Active
440,1251,Savings,310372.28,Active
441,1024,Corporate,145887.7,Active
442,474,Corporate,737068.3,Active
443,757,Current,601785.6,Active
444,782,Savings,655798,Dormant
445,1103,Current,9660.42,Active
446,433,Current,927589.5,Active
447,1177,Savings,67223.9,Active
448,401,Current,367439.08,Active
449,1303,Corporate,403308.94,Active
450,57,Current,2354.17,Active
451,1003,Savings,497592.22,Closed
452,186,Corporate,753056.19,Active
453,398,Corporate,823445.38,Active
454,605,Current,879517.6,Active
455,788,Current,488231.15,Active
456,158,Corporate,631005.55,Active
457,1383,Current,80440.19,Active
458,1464,Savings,488550.19,Active
459,589,Current,155660.94,Active
460,466,Current,370273.47,Dormant
461,446,Corporate,329976.01,Active
462,801,Current,424117.04,Closed
463,1097,Current,572064.98,Active
464,929,Current,902973.77,Active
465,17,Savings,395090.15,Active
466,731,Current,981150.06,Active
467,326,Savings,759269.02,Active
468,995,Savings,511969.57,Active
469,613,Savings,644382.41,Active
470,546,Savings,103121.95,Active
471,596,Corporate,844677.01,Active
472,921,Savings,582775.1,Active
473,842,Current,986081.41,Active
474,1226,Savings,636792.32,Active
475,344,Current,834277.47,Active
476,859,Savings,799962.98,Active
477,1424,Corporate,346115.69,Active
478,1242,Savings,260351.01,Active
479,445,Savings,431063.09,Active
480,222,Corporate,467774.1,Active
481,1407,Savings,240844.62,Dormant
482,592,Current,894703.28,Closed
483,1031,Savings,543005.31,Active
484,1296,Savings,978465.95,Closed
485,1018,Savings,810207.76,Active
486,16,Corporate,556149.16,Active
487,1448,Savings,947093.24,Active
488,524,Savings,505369.94,Active
489,803,Current,887219.41,Active
490,21,Savings,358786.64,Active
491,228,Savings,379263.74,Dormant
492,1008,Savings,418712.55,Active
493,1312,Savings,547079.02,Active
494,809,Current,553936.78,Active
495,1158,Current,496902.52,Active
496,1307,Corporate,306694.97,Active
497,404,Savings,927279.26,Active
498,1090,Corporate,588997.51,Dormant
499,437,Corporate,408331.48,Active
500,829,Savings,651525.78,Active
501,934,Current,768198.79,Active
502,259,Current,960767.36,Active
503,103,Savings,500049.61,Dormant
504,993,Savings,112986.41,Active
505,769,Current,441325.04,Active
506,1125,Savings,479491.59,Active
507,1222,Savings,897097.08,Active
508,813,Savings,395405.97,Active
509,226,Current,953370.94,Active
510,943,Corporate,485646.78,Active
511,463,Corporate,973806.72,Active
512,237,Savings,9190.12,Active
513,1050,Current,898916.56,Active
514,1145,Savings,931189.33,Active
515,506,Current,961059.91,Active
516,1206,Savings,14063.46,Dormant
517,814,Current,172529.14,Active
518,767,Current,654110.74,Active
519,634,Corporate,26447.22,Active
520,1339,Savings,64545.39,Active
521,991,Corporate,221857.79,Active
522,618,Corporate,512927.33,Active
523,273,Current,546356.66,Active
524,232,Savings,35226.86,Active
525,1444,Current,171196.88,Active
526,768,Current,500205.97,Dormant
527,1466,Current,594346.68,Active
528,496,Savings,149253.29,Active
529,1048,Savings,399442.57,Closed
530,1133,Current,904497.04,Active
531,502,Savings,998900.39,Active
532,25,Current,987227.24,Active
533,1211,Savings,881792.84,Active
534,288,Savings,395265.43,Active
535,338,Corporate,686887.72,Active
536,1061,Current,417175.64,Active
537,137,Corporate,648878.5,Active
538,508,Corporate,310123.04,Active
539,227,Current,606596.05,Active
540,320,Current,524234.74,Active
541,916,Savings,25455.79,Active
542,1206,Current,790912.2,Active
543,86,Corporate,12885.93,Active
544,1491,Corporate,293862.79,Active
545,926,Current,6918.14,Active
546,53,Corporate,376825.21,Active
547,860,Savings,64097.37,Active
548,867,Corporate,913597.46,Active
549,1259,Savings,416263.62,Active
550,433,Corporate,460036.28,Active
551,999,Savings,350500.39,Active
552,100,Savings,627878.65,Active
553,990,Current,784623.71,Active
554,599,Savings,648498.6,Active
555,403,Current,748458.91,Active
556,396,Corporate,906067.69,Active
557,415,Corporate,863682.99,Dormant
558,939,Corporate,674384.39,Active
559,677,Savings,215423.32,Active
560,463,Corporate,638065.15,Active
561,541,Corporate,506577.01,Active
562,1388,Current,717502.01,Active
563,1154,Current,833098.72,Active
564,84,Corporate,742978.78,Active
565,271,Corporate,846714.61,Active
566,244,Savings,64802.51,Active
567,388,Savings,32588.42,Active
568,214,Corporate,259242.07,Dormant
569,818,Current,900765.42,Active
570,1190,Corporate,823835.59,Dormant
571,59,Savings,683044.57,Active
572,883,Current,701057.91,Closed
573,843,Current,726943.8,Active
574,924,Savings,942660.1,Active
575,123,Corporate,832358.96,Active
576,1437,Corporate,623767,Dormant
577,1163,Corporate,666049.72,Active
578,1253,Savings,214526.52,Active
579,1298,Current,657661.51,Dormant
580,439,Savings,425254.33,Active
581,1022,Corporate,153808.91,Active
582,562,Savings,806596.42,Dormant
583,118,Current,510736.85,Active
584,905,Savings,977447.62,Active
585,395,Corporate,282397.68,Active
586,876,Current,481189.44,Active
587,1484,Savings,448547.46,Active
588,935,Savings,121658.74,Closed
589,1102,Current,426689.16,Active
590,952,Current,288265.9,Active
591,1436,Corporate,161160.15,Active
592,75,Current,282873.43,Active
593,295,Corporate,234018.44,Active
594,21,Savings,734339.46,Active
595,1195,Corporate,31744.4,Active
596,1039,Savings,617845.29,Active
597,1235,Current,760900.68,Active
598,560,Savings,481242.73,Active
599,1110,Current,931633.42,Active
600,1173,Savings,708172.81,Active
601,372,Savings,748175.73,Active
602,818,Savings,197736.55,Active
603,1175,Savings,777518.28,Active
604,1165,Corporate,832262.64,Active
605,1093,Savings,361905.12,Active
606,1284,Corporate,214149.7,Active
607,846,Current,385665.63,Active
608,521,Current,739868.36,Active
609,371,Corporate,418221.37,Active
610,1443,Current,736915.22,Active
611,101,Current,114450.98,Active
612,661,Savings,806205.7,Active
613,968,Savings,253954.27,Dormant
614,243,Savings,249680.06,Active
615,753,Corporate,590790.58,Closed
616,512,Corporate,71047.93,Active
617,849,Current,27271.43,Active
618,555,Savings,261767.64,Active
619,1119,Corporate,538529.48,Active
620,226,Corporate,907708.77,Active
621,214,Savings,846588.74,Active
622,718,Corporate,490956.01,Active
623,67,Savings,38014.94,Active
624,396,Current,535717.48,Active
625,612,Current,705090.8,Active
626,1036,Current,339825.37,Active
627,1261,Savings,111952.24,Active
628,770,Corporate,279289.39,Dormant
629,1423,Current,771817.28,Active
630,407,Current,351892.59,Active
631,925,Current,812169.51,Active
632,647,Corporate,320201.93,Dormant
633,222,Corporate,164391.48,Active
634,1180,Savings,436412.51,Active
635,654,Current,452822.24,Active
636,428,Corporate,17092.11,Active
637,1182,Savings,117928.03,Active
638,977,Current,185741.09,Active
639,1440,Corporate,114473.73,Dormant
640,1006,Corporate,342184.55,Active
641,1350,Savings,964658.23,Active
642,371,Current,509713.32,Active
643,1368,Current,627928.47,Active
644,1286,Corporate,357030.09,Active
645,1307,Current,324164.27,Active
646,850,Savings,24123.63,Active
647,856,Corporate,500833.32,Active
648,229,Corporate,484125.4,Active
649,280,Savings,158672.9,Active
650,1314,Corporate,764559.68,Active
651,1071,Current,493181.66,Active
652,975,Current,339654.98,Dormant
653,1238,Corporate,147762,Active
654,758,Savings,552608.67,Active
655,1048,Savings,753064.21,Dormant
656,321,Current,282717.35,Active
657,274,Savings,219575.56,Closed
658,556,Corporate,522413.03,Active
659,844,Corporate,156187.96,Active
660,1337,Current,666946.77,Active
661,1387,Current,605738.28,Dormant
662,668,Current,87994.97,Active
663,1000,Savings,37483.86,Dormant
664,380,Corporate,620668.36,Active
665,711,Corporate,294999.48,Active
666,1494,Corporate,87359.31,Active
667,746,Current,759669.28,Active
668,675,Corporate,314729.96,Dormant
669,116,Savings,460139.95,Dormant
670,605,Savings,237576.11,Active
671,1066,Corporate,627689.76,Active
672,379,Current,302186.93,Active
673,1230,Corporate,968052.94,Active
674,466,Savings,703244.6,Active
675,280,Savings,137585.55,Active
676,618,Savings,417278.14,Active
677,118,Corporate,386035.68,Active
678,1261,Savings,534712.86,Active
679,309,Current,842088.74,Active
680,1480,Corporate,583838.59,Active
681,1499,Corporate,62495.12,Active
682,100,Savings,655760.28,Active
683,261,Savings,9257.03,Active
684,993,Current,780180.5,Active
685,1329,Corporate,666969.44,Active
686,1378,Savings,309476.87,Active
687,286,Current,293149.36,Dormant
688,328,Savings,798474.72,Active
689,1127,Corporate,783553.36,Active
690,63,Savings,352950.05,Active
691,687,Corporate,299648.78,Active
692,1306,Savings,560264.96,Active
693,1465,Corporate,9357.29,Active
694,1317,Current,83584.37,Active
695,738,Corporate,127043.42,Active
696,1031,Current,186226.41,Active
697,639,Corporate,512506.11,Active
698,936,Current,992249.67,Active
699,1116,Savings,652960.79,Closed
700,1214,Corporate,62237.5,Active
701,476,Savings,526053.79,Active
702,1486,Current,497148.57,Active
703,53,Corporate,145023.65,Dormant
704,754,Corporate,920352.1,Active
705,486,Savings,441324.48,Active
706,1388,Corporate,994564.58,Active
707,1136,Corporate,420652.22,Active
708,409,Savings,608349.74,Active
709,1031,Corporate,105657.77,Active
710,668,Savings,454773.6,Active
711,1221,Savings,239527.13,Active
712,835,Savings,835729.23,Active
713,876,Savings,784135.67,Active
714,367,Savings,824355.82,Active
715,1002,Current,723885.83,Active
716,250,Current,832850.54,Active
717,1264,Savings,201627.92,Active
718,380,Current,452591.73,Active
719,872,Current,692155.03,Active
720,835,Corporate,637755.11,Active
721,1495,Savings,716638.13,Active
722,775,Current,225034.12,Active
723,919,Corporate,99336.27,Active
724,455,Corporate,916889.77,Active
725,366,Savings,560611.72,Active
726,1314,Savings,154672.1,Active
727,403,Corporate,793643.15,Active
728,58,Savings,915015.01,Active
729,521,Savings,170393.96,Closed
730,1328,Corporate,817595.04,Active
731,1139,Corporate,933291.84,Active
732,210,Savings,938423.24,Active
733,1065,Current,914242.31,Active
734,816,Savings,546874.59,Dormant
735,173,Current,356855.11,Active
736,234,Corporate,8265.53,Active
737,793,Current,61851.31,Active
738,793,Corporate,429410.18,Active
739,1427,Savings,399926.82,Active
740,1063,Savings,185529.2,Closed
741,119,Corporate,396084.55,Active
742,335,Corporate,175475.42,Active
743,1360,Corporate,848942.46,Active
744,1098,Savings,298896.68,Active
745,1215,Savings,598965.79,Dormant
746,324,Current,503340.22,Active
747,1011,Corporate,52830.2,Active
748,1171,Current,942291.49,Active
749,284,Savings,527698.75,Active
750,213,Current,325732.59,Active
751,929,Current,158968.44,Active
752,752,Savings,339188.11,Active
753,1418,Savings,21491.09,Active
754,339,Corporate,364194.6,Active
755,1046,Current,531954.44,Active
756,105,Savings,871994.38,Active
757,1490,Savings,687687.04,Active
758,1483,Current,112470.73,Active
759,1456,Savings,148598.58,Active
760,770,Corporate,428695.24,Active
761,716,Corporate,196512.04,Active
762,763,Current,28821.93,Active
763,1245,Corporate,805209.87,Active
764,379,Savings,20503.05,Dormant
765,1246,Savings,830858.92,Active
766,1282,Savings,144959.86,Active
767,713,Savings,974703.73,Closed
768,1391,Current,604270.04,Active
769,1373,Corporate,735247.99,Active
770,225,Corporate,111373.14,Dormant
771,738,Savings,862241.97,Active
772,236,Current,839353.15,Active
773,183,Savings,653339.74,Closed
774,712,Savings,502772.59,Active
775,444,Current,721767.68,Dormant
776,623,Current,6922.29,Active
777,1030,Savings,592848.31,Active
778,1260,Corporate,847558.73,Active
779,1151,Savings,357542.99,Closed
780,1128,Corporate,109181.07,Active
781,749,Corporate,421456.37,Active
782,155,Current,727377.34,Active
783,257,Current,108193.91,Active
784,235,Savings,206842.51,Active
785,500,Corporate,148404.29,Dormant
786,289,Corporate,797150.81,Active
787,510,Savings,63829.73,Active
788,709,Savings,686899.92,Active
789,785,Savings,367090.46,Active
790,894,Current,756035.45,Active
791,776,Savings,964419.04,Active
792,298,Savings,115430.75,Active
793,137,Corporate,315070.66,Active
794,376,Savings,810315.3,Active
795,87,Corporate,266892.23,Active
796,1443,Corporate,215905.48,Active
797,1223,Current,825552.6,Active
798,1487,Savings,987095.28,Active
799,437,Savings,557323.71,Active
800,1334,Corporate,278770.7,Active
801,1305,Current,399167.4,Active
802,1347,Current,170960.2,Active
803,764,Savings,762125.39,Active
804,702,Corporate,773700.54,Active
805,942,Savings,875245.87,Active
806,152,Savings,27575.96,Active
807,1326,Savings,562419.36,Active
808,1302,Savings,215041.18,Active
809,1032,Corporate,341542.13,Active
810,807,Current,785170.66,Active
811,235,Savings,192841.62,Dormant
812,675,Savings,638703.41,Closed
813,561,Savings,654911.63,Active
814,1326,Savings,954139.82,Active
815,38,Current,775385.77,Active
816,1160,Current,803831.51,Active
817,822,Current,532069.15,Active
818,421,Current,187594.03,Dormant
819,1243,Savings,426137.8,Active
820,348,Corporate,549940.08,Closed
821,1103,Current,678740.83,Active
822,748,Current,608101.4,Active
823,273,Savings,394583.85,Active
824,1185,Savings,266047.79,Dormant
825,308,Savings,169062.61,Active
826,1398,Savings,694151.54,Active
827,976,Corporate,645753.28,Active
828,733,Corporate,687685.09,Active
829,1033,Current,373154.93,Active
830,444,Corporate,263145.41,Active
831,1137,Current,759961.61,Active
832,1229,Current,773873.75,Active
833,405,Corporate,456160.76,Active
834,853,Current,612292.18,Active
835,1221,Savings,374146.14,Active
836,778,Current,702245.25,Active
837,115,Savings,835885.88,Active
838,1145,Corporate,688545.04,Dormant
839,65,Corporate,513070.04,Dormant
840,1300,Current,459199.3,Active
841,825,Savings,642677.33,Active
842,239,Current,680131.08,Active
843,302,Corporate,559170.71,Active
844,1416,Current,625317.33,Active
845,969,Current,97492.09,Active
846,369,Savings,951813.75,Active
847,233,Corporate,790982.29,Active
848,195,Current,374553.94,Active
849,907,Savings,563249.8,Active
850,1036,Current,48277.21,Active
851,921,Savings,42186.59,Active
852,689,Savings,251547.54,Active
853,177,Current,690011.94,Dormant
854,217,Corporate,852295.6,Active
855,1035,Corporate,559626.69,Active
856,1470,Savings,532600.61,Active
857,630,Corporate,402907.22,Active
858,164,Savings,162436.36,Active
859,53,Corporate,119235.75,Active
860,218,Current,760919.08,Active
861,999,Corporate,927576.05,Active
862,824,Savings,458824.93,Active
863,1384,Savings,659786.21,Active
864,385,Corporate,914543.19,Active
865,56,Current,91023.52,Dormant
866,118,Savings,770710.97,Active
867,900,Savings,617200.07,Active
868,1277,Savings,599038.54,Active
869,798,Savings,293247.89,Active
870,780,Savings,684209.46,Active
871,1016,Current,795002.96,Active
872,803,Corporate,113745.31,Active
873,845,Current,533987.91,Active
874,1204,Current,102163.92,Active
875,1439,Savings,872701.45,Active
876,1259,Current,508129.09,Active
877,855,Savings,808157.72,Active
878,708,Current,368717.55,Active
879,1104,Savings,125953.15,Active
880,22,Savings,42457.81,Closed
881,843,Current,282228.11,Active
882,1464,Current,244989.47,Active
883,1117,Corporate,560791.62,Closed
884,192,Corporate,22717.1,Active
885,1019,Corporate,521049.97,Active
886,1127,Current,392379.97,Active
887,396,Current,577545.15,Active
888,1031,Savings,702715.11,Active
889,640,Corporate,634457.85,Active
890,1019,Savings,984659.73,Active
891,567,Savings,139127.08,Active
892,231,Savings,430307.27,Active
893,874,Savings,425405.91,Active
894,574,Corporate,417636.15,Active
895,240,Savings,664134.59,Active
896,90,Current,490338.23,Active
897,232,Current,517915.13,Active
898,457,Current,432923.64,Active
899,233,Corporate,991707.76,Closed
900,354,Savings,927633.79,Active
901,1005,Corporate,308416.47,Active
902,1357,Savings,112482.33,Dormant
903,439,Corporate,839924.96,Active
904,1399,Corporate,997173.08,Active
905,1316,Savings,293316.29,Active
906,345,Corporate,358427.14,Active
907,664,Savings,941691.55,Active
908,1452,Current,711418.39,Active
909,657,Current,296342.69,Active
910,130,Current,581465.44,Active
911,141,Corporate,944285.35,Active
912,415,Current,812001.29,Active
913,1117,Savings,742090.88,Active
914,626,Current,737259.32,Active
915,284,Current,178842.3,Active
916,223,Corporate,824856.56,Active
917,744,Savings,276842.51,Active
918,463,Corporate,930436.29,Active
919,1300,Corporate,365275.35,Active
920,1164,Savings,857802.74,Active
921,357,Corporate,266967.26,Active
922,1047,Savings,515012.41,Closed
923,1294,Current,107778.41,Closed
924,859,Savings,660458.78,Active
925,665,Savings,836243.2,Active
926,1357,Savings,718728.83,Active
927,1015,Corporate,523735.25,Active
928,85,Savings,46070.76,Active
929,621,Savings,933507.57,Closed
930,1055,Savings,705784.06,Active
931,240,Current,746118.37,Active
932,363,Savings,794885.89,Active
933,822,Corporate,747995.68,Active
934,1413,Savings,441675.05,Active
935,668,Savings,733888.21,Active
936,1323,Current,625401.76,Active
937,1395,Savings,854162.32,Active
938,99,Corporate,802657.36,Active
939,47,Savings,42333.01,Active
940,839,Corporate,379508.2,Active
941,422,Current,35681.44,Active
942,62,Savings,102972.85,Active
943,1133,Current,601809.31,Active
944,1143,Savings,873948,Active
945,1010,Corporate,120704.93,Active
946,598,Current,451638.2,Active
947,1406,Savings,910968.03,Active
948,392,Corporate,814486.68,Active
949,977,Current,520148.23,Closed
950,1076,Savings,771799.87,Active
951,603,Current,523171.08,Active
952,1313,Savings,158934.24,Active
953,337,Corporate,125611.38,Active
954,810,Corporate,189179.86,Active
955,1228,Current,351571.17,Active
956,1262,Current,930598.74,Active
957,1406,Savings,799878.74,Active
958,752,Corporate,433368.76,Dormant
959,1160,Savings,493583.63,Active
960,1431,Corporate,266343.85,Active
961,1386,Current,704648.6,Active
962,1405,Savings,802962.91,Active
963,881,Savings,239665.79,Active
964,635,Corporate,42779.8,Active
965,254,Corporate,624265.05,Active
966,1138,Corporate,562949.61,Active
967,20,Current,402729.02,Active
968,528,Savings,644250.05,Active
969,1169,Corporate,551062.68,Active
970,1232,Current,251331,Active
971,376,Corporate,398331.25,Closed
972,166,Savings,428685.46,Active
973,1205,Corporate,880367.75,Active
974,861,Savings,960943.25,Active
975,617,Current,893108.36,Active
976,612,Current,719458.85,Active
977,1468,Corporate,585407.74,Dormant
978,1356,Savings,689572.37,Active
979,503,Savings,939170.11,Active
980,913,Savings,250748.74,Active
981,79,Corporate,535585.39,Active
982,585,Savings,689918.41,Active
983,688,Savings,679567.75,Active
984,396,Savings,253026.68,Active
985,1127,Savings,587144.8,Closed
986,402,Corporate,796117.23,Active
987,975,Corporate,475603.9,Active
988,224,Savings,793504.78,Dormant
989,518,Savings,360522.72,Active
990,634,Current,938821.37,Active
991,236,Current,534394.51,Active
992,1451,Savings,596352,Active
993,116,Savings,32330.21,Closed
994,1187,Current,171098.87,Dormant
995,226,Current,633300.95,Dormant
996,230,Savings,420450.5,Active
997,182,Corporate,508655.63,Active
998,1273,Corporate,63908.44,Dormant
999,1342,Savings,834301.1,Closed
1000,210,Savings,784721.1,Active
1001,1416,Current,186168.62,Active
1002,96,Current,634695.03,Active
1003,894,Corporate,818496.9,Active
1004,756,Savings,641213.28,Active
1005,1110,Current,311087.7,Dormant
1006,415,Corporate,656455.04,Dormant
1007,394,Corporate,211251.29,Active
1008,696,Corporate,318936.74,Active
1009,844,Current,240829.58,Active
1010,604,Current,557368.18,Active
1011,582,Savings,109118.42,Active
1012,133,Savings,933377.07,Active
1013,791,Corporate,334178.84,Dormant
1014,649,Corporate,219751.16,Dormant
1015,1338,Current,497053.26,Active
1016,221,Current,277720.82,Active
1017,976,Savings,535369.18,Dormant
1018,1462,Savings,349160.64,Active
1019,1070,Savings,132934.74,Active
1020,1216,Current,266629.35,Active
1021,1403,Corporate,439001.41,Active
1022,788,Savings,31262.93,Active
1023,691,Savings,770871.88,Active
1024,1358,Current,622202.74,Dormant
1025,39,Savings,601758.25,Active
1026,1317,Corporate,546503.88,Dormant
1027,690,Current,590722.86,Dormant
1028,162,Savings,934717.3,Active
1029,1355,Savings,9560.64,Active
1030,1128,Current,48751.91,Active
1031,161,Current,192301.92,Active
1032,1078,Savings,168134.08,Active
1033,1058,Corporate,182013.27,Active
1034,242,Current,672271.94,Active
1035,967,Corporate,460023.82,Active
1036,890,Savings,991787.1,Dormant
1037,113,Corporate,227659.03,Active
1038,1014,Savings,311519.27,Active
1039,318,Savings,984256.48,Active
1040,23,Savings,831926.38,Active
1041,824,Savings,470329.42,Active
1042,1142,Corporate,555042.29,Active
1043,701,Savings,843334.74,Active
1044,1019,Savings,481499.27,Active
1045,1236,Corporate,206817.7,Active
1046,1442,Current,828616.09,Active
1047,1137,Corporate,538234.72,Active
1048,1068,Corporate,153889.55,Active
1049,128,Corporate,506080.25,Dormant
1050,876,Savings,413790.18,Active
1051,158,Savings,876965.69,Dormant
1052,827,Savings,126929.38,Active
1053,1418,Current,875334.59,Active
1054,852,Savings,512698.81,Active
1055,512,Current,404960.07,Active
1056,45,Savings,162805.22,Active
1057,1132,Corporate,701117.14,Dormant
1058,219,Savings,926879.9,Active
1059,443,Current,376001.98,Closed
1060,315,Current,242343.42,Active
1061,177,Savings,555312.05,Active
1062,228,Corporate,796389.76,Dormant
1063,267,Savings,4763.93,Active
1064,870,Savings,631746.06,Active
1065,838,Savings,596919.48,Dormant
1066,1403,Corporate,318834.03,Active
1067,489,Current,451971.58,Active
1068,702,Corporate,247716.26,Dormant
1069,687,Current,790095.85,Active
1070,1314,Current,634900.4,Dormant
1071,996,Current,533178.91,Active
1072,357,Corporate,393133.67,Active
1073,872,Savings,292093,Active
1074,204,Savings,822913.75,Active
1075,1237,Savings,451956.26,Active
1076,552,Savings,501945.97,Active
1077,323,Savings,521307.9,Active
1078,594,Corporate,448918.57,Active
1079,181,Corporate,256832.34,Active
1080,499,Corporate,121220.1,Active
1081,1344,Corporate,99438.73,Active
1082,83,Corporate,757705.06,Active
1083,303,Corporate,224304.29,Active
1084,262,Corporate,56617.14,Active
1085,784,Savings,797719.89,Active
1086,1224,Current,154907.59,Active
1087,1264,Corporate,625520.95,Active
1088,914,Current,339304.63,Active
1089,692,Corporate,127353.78,Active
1090,944,Corporate,415066.5,Closed
1091,683,Savings,15794.05,Dormant
1092,1319,Current,841203.94,Active
1093,689,Savings,513984.46,Active
1094,396,Savings,140020.85,Dormant
1095,1162,Current,237743.34,Active
1096,839,Savings,448527.22,Active
1097,878,Corporate,189680.51,Active
1098,823,Corporate,269330.56,Active
1099,1153,Corporate,534851.18,Active
1100,49,Corporate,832776.4,Active
1101,789,Corporate,402437.85,Active
1102,293,Savings,717258.3,Active
1103,536,Savings,876807.53,Dormant
1104,311,Corporate,217084.64,Active
1105,537,Corporate,807384.78,Active
1106,639,Savings,757644.8,Active
1107,234,Current,357580.36,Active
1108,1233,Savings,989530.44,Active
1109,605,Savings,263309.8,Active
1110,94,Savings,255548.46,Active
1111,327,Savings,772486.91,Active
1112,225,Savings,435222.66,Active
1113,967,Current,331464.2,Active
1114,890,Corporate,179484.14,Active
1115,11,Corporate,765567.1,Active
1116,1353,Current,786535.48,Active
1117,1036,Corporate,566997.44,Active
1118,35,Corporate,957356.3,Active
1119,447,Corporate,318845.11,Active
1120,1476,Current,220399.43,Active
1121,1244,Current,677789.3,Active
1122,441,Corporate,758650.23,Closed
1123,653,Corporate,225681.06,Closed
1124,595,Corporate,77534.15,Active
1125,229,Savings,810705.97,Active
1126,344,Savings,976525.47,Active
1127,1104,Savings,645027.61,Active
1128,1377,Current,278589.03,Active
1129,1420,Corporate,996675.94,Active
1130,1314,Current,893373.37,Active
1131,1479,Current,513867.27,Active
1132,989,Current,825495.96,Active
1133,1152,Corporate,816004.7,Active
1134,909,Savings,934864.17,Active
1135,1383,Corporate,841082.92,Active
1136,527,Corporate,644035.56,Active
1137,1337,Current,609694.42,Active
1138,75,Current,467889.93,Active
1139,196,Current,626859.15,Active
1140,29,Savings,795421.37,Active
1141,706,Savings,969068.59,Active
1142,1021,Savings,467820.07,Active
1143,16,Corporate,574079.55,Active
1144,1447,Current,445360.69,Active
1145,805,Corporate,668820.13,Active
1146,1429,Savings,630290.58,Closed
1147,940,Current,18815.96,Active
1148,967,Savings,541620.4,Active
1149,1101,Current,89398.41,Active
1150,229,Current,27357.23,Closed
1151,962,Corporate,791405.96,Active
1152,1321,Corporate,259391.21,Active
1153,715,Savings,341314.42,Active
1154,984,Corporate,65020.5,Closed
1155,573,Corporate,180320.76,Active
1156,615,Corporate,765839.21,Active
1157,326,Current,494037.3,Active
1158,1387,Corporate,880787.79,Active
1159,875,Savings,397844.89,Dormant
1160,359,Current,269432.04,Active
1161,324,Current,348252.21,Active
1162,1350,Corporate,713059.02,Dormant
1163,165,Current,555450.67,Closed
1164,798,Savings,904287.02,Active
1165,455,Savings,602566.6,Active
1166,1177,Current,493525.19,Active
1167,1151,Corporate,785966.97,Active
1168,193,Corporate,947586.32,Dormant
1169,627,Current,356490.07,Dormant
1170,530,Savings,250626.33,Active
1171,1034,Current,616601.18,Closed
1172,92,Corporate,499373.95,Active
1173,139,Corporate,989196.39,Active
1174,481,Current,462899.42,Active
1175,449,Savings,75257.22,Dormant
1176,1357,Current,977391.69,Active
1177,869,Savings,843743.36,Active
1178,340,Savings,179071.89,Dormant
1179,1076,Current,904700.65,Active
1180,466,Current,341326.15,Active
1181,718,Savings,377734.87,Dormant
1182,799,Savings,906485.09,Active
1183,475,Savings,530585.45,Dormant
1184,401,Savings,138625.17,Dormant
1185,1463,Corporate,369687.1,Active
1186,605,Current,722375.35,Active
1187,932,Savings,175010,Active
1188,997,Current,590640.97,Active
1189,922,Savings,695578.86,Active
1190,821,Current,344509.72,Active
1191,657,Current,694186.81,Active
1192,598,Savings,884323.14,Active
1193,1177,Savings,472644.63,Active
1194,514,Current,383526.42,Active
1195,1030,Current,251907.24,Active
1196,500,Current,604601.27,Active
1197,717,Corporate,879972.2,Active
1198,1142,Savings,325336.61,Active
1199,601,Corporate,396839.29,Active
1200,666,Corporate,407218.89,Active
1201,468,Savings,561251.53,Active
1202,161,Savings,229180.55,Active
1203,270,Corporate,822388.94,Active
1204,1080,Savings,296306.68,Active
1205,228,Current,705657.33,Active
1206,849,Current,513702.53,Active
1207,149,Corporate,586311.71,Active
1208,1070,Corporate,180429.13,Active
1209,1168,Savings,735288.17,Closed
1210,632,Savings,189431.9,Active
1211,1364,Corporate,114360.16,Active
1212,413,Corporate,547132.82,Dormant
1213,520,Current,709587.84,Active
1214,1368,Current,50985.8,Active
1215,387,Savings,70325.92,Active
1216,1497,Current,802876.48,Active
1217,275,Savings,809223.67,Active
1218,353,Savings,246059.41,Active
1219,1090,Savings,615612.97,Active
1220,1103,Current,443736.9,Active
1221,598,Corporate,633063.35,Active
1222,1226,Corporate,863016.4,Active
1223,558,Current,80776.57,Active
1224,113,Corporate,778206.44,Active
1225,1115,Savings,493536.08,Active
1226,141,Corporate,564562.82,Active
1227,1313,Current,654277.43,Active
1228,730,Corporate,922700.53,Active
1229,589,Savings,57663.23,Active
1230,411,Savings,30446.88,Active
1231,377,Current,179083.52,Active
1232,1408,Current,986461.28,Active
1233,1176,Current,715361.29,Active
1234,751,Savings,615026.48,Active
1235,627,Corporate,47992.01,Active
1236,1343,Corporate,879231.11,Active
1237,1393,Current,812944.1,Active
1238,995,Corporate,665135.24,Dormant
1239,703,Corporate,339791.68,Active
1240,462,Current,71434.45,Active
1241,12,Current,580458.45,Active
1242,1180,Savings,719974.88,Active
1243,477,Savings,95146.11,Active
1244,939,Savings,634133.89,Active
1245,401,Savings,287079.7,Active
1246,808,Corporate,764479.98,Active
1247,177,Corporate,540076.23,Active
1248,1365,Savings,129907.75,Active
1249,57,Savings,526992.93,Active
1250,448,Current,396341.13,Active
1251,203,Corporate,181175.61,Active
1252,738,Corporate,841674.21,Active
1253,202,Savings,12017.42,Active
1254,1354,Corporate,312816.15,Closed
1255,363,Current,13582.44,Active
1256,892,Current,96910.94,Active
1257,454,Corporate,297799.12,Active
1258,356,Savings,55216.91,Active
1259,216,Corporate,597033.9,Dormant
1260,972,Current,87776.05,Closed
1261,555,Savings,702011.92,Active
1262,887,Corporate,53589.47,Active
1263,23,Savings,60249.59,Active
1264,155,Savings,306020.57,Active
1265,1210,Current,896674.95,Active
1266,249,Savings,641751.86,Active
1267,749,Corporate,770361.16,Active
1268,805,Savings,142410.56,Active
1269,134,Savings,834291.31,Dormant
1270,321,Corporate,9138.1,Active
1271,390,Current,213844.29,Active
1272,434,Current,616476.23,Active
1273,1046,Corporate,375871.16,Active
1274,873,Corporate,984209.2,Active
1275,1149,Current,31308.91,Active
1276,1103,Savings,998599.57,Active
1277,858,Corporate,624004.21,Active
1278,51,Savings,559148.29,Active
1279,176,Corporate,60452.93,Active
1280,870,Current,274055.55,Active
1281,253,Savings,924738.03,Active
1282,966,Savings,354891.76,Active
1283,1270,Corporate,661991.55,Active
1284,739,Savings,999496.85,Active
1285,1130,Corporate,263806.64,Active
1286,1217,Current,576504.8,Active
1287,1340,Savings,696741.35,Active
1288,302,Corporate,165462.62,Active
1289,548,Savings,149523.89,Active
1290,716,Corporate,456851.6,Active
1291,779,Corporate,386426.71,Active
1292,268,Corporate,714501.22,Active
1293,1194,Current,70439.26,Active
1294,1010,Savings,972194.46,Active
1295,551,Current,15262.7,Active
1296,1479,Corporate,601715.51,Active
1297,1316,Corporate,563069.96,Closed
1298,1165,Current,135581.02,Active
1299,1170,Current,151765.07,Active
1300,1449,Savings,792884.81,Active
1301,314,Corporate,887674.9,Closed
1302,184,Current,283733.95,Closed
1303,713,Corporate,438526,Active
1304,128,Corporate,355640.05,Active
1305,1311,Savings,73474.47,Dormant
1306,1277,Savings,673531.04,Active
1307,700,Savings,825367.74,Active
1308,386,Current,305574.48,Active
1309,1254,Corporate,990185.62,Active
1310,271,Current,76775.71,Active
1311,811,Current,662128.92,Active
1312,415,Savings,448779.79,Active
1313,198,Corporate,447155.3,Active
1314,1347,Corporate,458187.97,Active
1315,1080,Savings,259423.09,Active
1316,831,Corporate,715847.26,Active
1317,1227,Savings,721854.95,Active
1318,628,Current,283114.71,Active
1319,604,Current,835471.15,Dormant
1320,1162,Savings,317528.1,Active
1321,1446,Current,725368.03,Active
1322,1081,Current,121878.77,Active
1323,1010,Savings,169532.94,Active
1324,71,Current,316479.85,Active
1325,911,Corporate,594279.89,Dormant
1326,594,Current,645865.97,Active
1327,1396,Savings,396959.82,Active
1328,600,Corporate,78761.31,Active
1329,514,Corporate,374261.02,Active
1330,84,Current,689078.75,Active
1331,994,Corporate,671324.47,Active
1332,1067,Savings,161036.22,Active
1333,839,Corporate,8776.19,Dormant
1334,606,Current,753228.64,Active
1335,810,Current,107261.8,Active
1336,133,Corporate,83266.79,Active
1337,1419,Savings,3698.52,Active
1338,1089,Savings,433168.72,Active
1339,290,Current,503760.64,Active
1340,376,Current,638026.38,Active
1341,769,Savings,296767.78,Dormant
1342,467,Corporate,710714.29,Active
1343,1237,Corporate,170162.53,Active
1344,1172,Corporate,832158.06,Dormant
1345,471,Corporate,572276.48,Active
1346,149,Savings,584305.93,Active
1347,88,Current,210565.64,Active
1348,1348,Current,75034.64,Active
1349,396,Corporate,465260.08,Active
1350,790,Savings,615996.34,Active
1351,1428,Savings,95951.41,Active
1352,1106,Corporate,950583.94,Active
1353,1310,Corporate,980433.95,Active
1354,1406,Corporate,545911.24,Active
1355,865,Current,950119.09,Active
1356,1294,Corporate,180265.79,Active
1357,1316,Current,26395.26,Dormant
1358,1477,Savings,40370.13,Closed
1359,24,Savings,587924.97,Active
1360,956,Current,62580.24,Active
1361,311,Current,958587.06,Active
1362,1485,Current,142791.28,Active
1363,1232,Current,305418.08,Active
1364,664,Corporate,822695.28,Active
1365,438,Savings,219521.58,Active
1366,706,Corporate,243725.49,Active
1367,1360,Current,642666.65,Active
1368,422,Corporate,276810,Active
1369,321,Corporate,218230.19,Active
1370,587,Savings,254923.54,Active
1371,947,Corporate,491156.85,Dormant
1372,1187,Savings,966133.77,Active
1373,1189,Current,832405.7,Active
1374,849,Corporate,285325.65,Active
1375,1319,Current,364009.84,Active
1376,42,Savings,465047.74,Active
1377,1309,Current,978950.72,Active
1378,939,Current,173218.08,Active
1379,387,Savings,358125.62,Active
1380,1162,Current,729696.67,Active
1381,1211,Current,963979.79,Active
1382,910,Current,156519.54,Active
1383,716,Corporate,228152.57,Dormant
1384,431,Current,226468.98,Active
1385,554,Savings,21911.1,Active
1386,1440,Corporate,604511.51,Active
1387,800,Corporate,671032.37,Active
1388,426,Savings,602923.36,Active
1389,1440,Current,72251.67,Active
1390,26,Corporate,70160.9,Dormant
1391,1395,Corporate,211176.17,Dormant
1392,385,Corporate,291004.22,Active
1393,56,Current,786757.11,Active
1394,1277,Corporate,160230.88,Active
1395,634,Savings,45048.12,Active
1396,106,Current,394593.52,Active
1397,1154,Savings,416975.78,Active
1398,849,Savings,451456.43,Active
1399,670,Corporate,827076.64,Active
1400,376,Corporate,98907.41,Active
1401,743,Corporate,704238.14,Active
1402,967,Savings,338607.63,Closed
1403,308,Current,310670.16,Active
1404,91,Corporate,932610.58,Active
1405,1417,Corporate,249220.06,Active
1406,802,Savings,642889.3,Active
1407,110,Current,275852.63,Active
1408,585,Savings,507636.74,Closed
1409,340,Corporate,786506.6,Active
1410,979,Savings,881840.8,Active
1411,356,Corporate,838858.54,Active
1412,168,Current,582598.56,Active
1413,557,Savings,249567.5,Active
1414,1476,Corporate,661572.15,Active
1415,905,Corporate,710195.14,Dormant
1416,105,Corporate,11681.3,Active
1417,150,Corporate,439771.3,Active
1418,146,Savings,843418.78,Active
1419,716,Corporate,490098.01,Active
1420,874,Savings,312064.07,Active
1421,299,Corporate,871925.97,Active
1422,1191,Savings,156724.82,Active
1423,646,Savings,207238.79,Active
1424,723,Corporate,687684.99,Active
1425,1072,Corporate,353083.51,Active
1426,638,Corporate,713303.82,Active
1427,239,Corporate,158545.92,Dormant
1428,1031,Current,253016.82,Active
1429,464,Corporate,157490.73,Dormant
1430,453,Corporate,952957.4,Active
1431,784,Corporate,405998.56,Active
1432,897,Savings,337882.69,Active
1433,371,Corporate,15187.95,Active
1434,487,Savings,154264.16,Active
1435,1235,Savings,421714.72,Active
1436,165,Savings,69434.29,Active
1437,1149,Savings,511228.59,Active
1438,1361,Current,455560.42,Active
1439,192,Corporate,767400.97,Closed
1440,730,Savings,660142.9,Active
1441,214,Corporate,446501.36,Active
1442,574,Savings,225436.04,Active
1443,1352,Current,727136.7,Closed
1444,957,Savings,708154.24,Active
1445,381,Corporate,154142.86,Active
1446,673,Corporate,914837.08,Active
1447,798,Current,65340.71,Active
1448,239,Corporate,55982.67,Active
1449,700,Corporate,188163.07,Active
1450,1106,Savings,909551.34,Dormant
1451,1387,Corporate,520478.13,Closed
1452,505,Savings,788152.98,Active
1453,202,Current,228615.34,Active
1454,920,Corporate,490731.75,Active
1455,37,Savings,358931.17,Active
1456,644,Corporate,828000.78,Active
1457,1426,Savings,23581.83,Active
1458,765,Current,244598.89,Dormant
1459,706,Savings,153421.65,Active
1460,1200,Corporate,859329.85,Active
1461,545,Savings,468076.31,Active
1462,1491,Corporate,404815.82,Active
1463,1225,Current,450033.28,Active
1464,540,Savings,971952.63,Active
1465,1017,Corporate,850417.13,Active
1466,394,Corporate,706662.4,Active
1467,833,Corporate,291188.48,Active
1468,1066,Savings,166007.83,Active
1469,597,Savings,921512.2,Active
1470,393,Savings,423652.45,Active
1471,700,Current,279477.04,Active
1472,441,Corporate,471449.91,Active
1473,918,Corporate,917929.58,Active
1474,320,Current,387680.25,Active
1475,553,Current,563078.36,Active
1476,1239,Savings,803163.33,Active
1477,1095,Savings,427705.4,Active
1478,568,Savings,234308.26,Active
1479,919,Savings,994531.22,Active
1480,236,Savings,956614.29,Active
1481,1305,Savings,843635.69,Active
1482,987,Current,688685.51,Active
1483,1186,Current,295570.76,Active
1484,1215,Current,913499.53,Closed
1485,1033,Corporate,276281.11,Active
1486,60,Corporate,801008.69,Dormant
1487,893,Savings,918339.91,Active
1488,225,Current,603400.84,Active
1489,700,Corporate,803253.16,Dormant
1490,582,Corporate,791903.4,Active
1491,1311,Current,193964.59,Active
1492,994,Corporate,668256.55,Active
1493,169,Corporate,94374.47,Closed
1494,1086,Current,508342.29,Active
1495,1373,Corporate,163073.31,Active
1496,1466,Current,416933.15,Active
1497,14,Corporate,833149.09,Active
1498,164,Current,987180.67,Active
1499,1444,Corporate,318641.87,Active
1500,757,Corporate,532423.74,Active
1501,1052,Current,511786.73,Active
1502,446,Corporate,954447.11,Active
1503,1232,Current,479105.15,Active
1504,1494,Current,699407.1,Active
1505,716,Corporate,921867.44,Active
1506,976,Savings,374005.18,Active
1507,819,Corporate,902220.12,Active
1508,104,Savings,917538.77,Active
1509,742,Savings,930731.84,Active
1510,426,Corporate,271175.74,Active
1511,1125,Savings,400955.24,Active
1512,639,Current,870525.51,Active
1513,850,Current,359802.66,Active
1514,1130,Savings,600652.78,Active
1515,769,Current,118936.45,Dormant
1516,277,Corporate,57218.71,Active
1517,1089,Current,412582,Active
1518,900,Savings,579337.62,Active
1519,188,Corporate,393306.41,Active
1520,1341,Current,578158.03,Active
1521,1162,Corporate,515569.29,Active
1522,1367,Savings,686021.52,Active
1523,105,Current,649882.9,Active
1524,546,Corporate,424821.46,Active
1525,380,Corporate,425570.25,Active
1526,110,Current,141637.56,Active
1527,545,Corporate,513725.33,Closed
1528,354,Corporate,587591.95,Active
1529,743,Savings,477012.91,Active
1530,317,Savings,326381.63,Active
1531,1290,Savings,721926.9,Active
1532,1089,Savings,75586.98,Active
1533,333,Savings,914525.93,Active
1534,1157,Savings,21622.8,Active
1535,592,Current,962387.78,Dormant
1536,783,Savings,462893.25,Active
1537,540,Corporate,413257.27,Active
1538,735,Current,257187.57,Active
1539,621,Corporate,11061.06,Dormant
1540,619,Savings,275515.47,Active
1541,1393,Savings,110290.53,Active
1542,909,Corporate,660161.02,Closed
1543,992,Corporate,319755.9,Active
1544,99,Corporate,767412.15,Active
1545,317,Current,207709.27,Active
1546,123,Savings,900334.62,Closed
1547,1344,Corporate,523458.53,Active
1548,799,Savings,115391.69,Active
1549,457,Corporate,401444.39,Active
1550,522,Savings,207553.76,Active
1551,520,Current,200485.74,Closed
1552,917,Savings,506863.37,Active
1553,717,Corporate,672220.12,Active
1554,315,Savings,911706.59,Dormant
1555,709,Current,502659.85,Active
1556,710,Current,965872.94,Active
1557,1044,Savings,941693.22,Dormant
1558,560,Corporate,865197.47,Active
1559,969,Current,500477.29,Active
1560,1154,Current,141763.04,Active
1561,1317,Savings,218686.57,Active
1562,1156,Current,648022.33,Dormant
1563,356,Current,422333.23,Active
1564,1078,Corporate,147654.83,Active
1565,890,Corporate,479514.94,Active
1566,793,Corporate,18413.11,Active
1567,1411,Savings,734161.48,Active
1568,265,Current,74507.71,Active
1569,982,Savings,629484.51,Dormant
1570,1239,Current,793217.3,Active
1571,1484,Current,133511.23,Active
1572,1482,Current,519120.05,Active
1573,802,Corporate,779288.45,Active
1574,43,Savings,261372.82,Active
1575,862,Savings,163753.68,Active
1576,1302,Current,337482.29,Active
1577,1154,Savings,555144.48,Active
1578,350,Corporate,575704.32,Active
1579,1130,Savings,131745.46,Closed
1580,912,Current,458111.28,Active
1581,1,Corporate,269013.91,Active
1582,584,Corporate,842182.19,Active
1583,432,Current,314261.56,Active
1584,1330,Savings,838865.82,Active
1585,53,Current,429136.05,Active
1586,940,Savings,726859.18,Active
1587,520,Savings,510550.17,Active
1588,1354,Corporate,622340.66,Active
1589,1349,Current,395961.15,Active
1590,1138,Corporate,768438.56,Active
1591,147,Current,425764.19,Active
1592,1190,Current,458004.18,Active
1593,1403,Corporate,518160.99,Active
1594,1163,Current,831992.29,Active
1595,629,Current,659719.55,Active
1596,299,Savings,349811.23,Active
1597,1300,Current,670649.31,Active
1598,789,Current,642784.15,Active
1599,850,Corporate,931088.26,Dormant
1600,178,Corporate,841575.02,Active
1601,842,Current,647799.48,Active
1602,1378,Savings,342165.6,Active
1603,1178,Savings,779796.87,Active
1604,1225,Corporate,575633.08,Active
1605,878,Current,985284.72,Active
1606,1139,Current,248258.62,Active
1607,759,Savings,80576.19,Active
1608,1092,Savings,70821.92,Active
1609,1469,Savings,640390.36,Active
1610,445,Corporate,939320.97,Active
1611,1350,Current,2929.98,Active
1612,708,Corporate,726045.28,Active
1613,602,Current,657408.12,Active
1614,1383,Corporate,732571.89,Active
1615,145,Current,356050,Active
1616,275,Savings,820675.95,Active
1617,509,Savings,45662.22,Active
1618,1203,Savings,755675.67,Active
1619,753,Corporate,267804.87,Dormant
1620,477,Savings,477360.94,Active
1621,1438,Current,822813.64,Active
1622,1177,Corporate,272087.68,Active
1623,1128,Current,186022.3,Active
1624,1099,Corporate,681631.87,Active
1625,1152,Current,533861.5,Dormant
1626,666,Current,514889.46,Active
1627,568,Corporate,257512.75,Dormant
1628,1369,Corporate,35845.43,Active
1629,531,Savings,410858.87,Active
1630,159,Savings,107452.92,Active
1631,1450,Current,906083.16,Active
1632,681,Current,42209.07,Active
1633,23,Current,432219.2,Active
1634,1071,Corporate,53193.34,Active
1635,525,Corporate,96448.33,Active
1636,729,Savings,659207.8,Active
1637,144,Current,647464.15,Active
1638,668,Savings,34019.14,Dormant
1639,1443,Corporate,2130.34,Active
1640,681,Corporate,79739.26,Active
1641,973,Corporate,763235.9,Closed
1642,799,Savings,584991.9,Active
1643,85,Corporate,39080.13,Active
1644,416,Current,488608.92,Active
1645,694,Savings,712317.33,Active
1646,482,Corporate,869082.44,Active
1647,456,Savings,934102.45,Active
1648,827,Savings,328113.12,Active
1649,297,Corporate,136696.6,Active
1650,1136,Corporate,237688.99,Dormant
1651,1254,Savings,776395.32,Active
1652,1120,Savings,971512.73,Active
1653,950,Corporate,466927.22,Active
1654,680,Current,306047.86,Active
1655,378,Savings,429761.39,Dormant
1656,1180,Savings,305508.33,Active
1657,421,Current,257231.04,Dormant
1658,105,Corporate,594157,Active
1659,330,Corporate,16720.24,Active
1660,439,Current,260292.7,Active
1661,1156,Corporate,661720.7,Dormant
1662,382,Corporate,33030.63,Active
1663,138,Savings,84118.61,Active
1664,943,Savings,294102.75,Active
1665,843,Savings,877926.99,Active
1666,270,Current,765121.27,Dormant
1667,396,Corporate,23134.47,Active
1668,913,Corporate,502211.1,Active
1669,464,Savings,275412.81,Active
1670,450,Savings,648997.01,Active
1671,1355,Current,721832.33,Active
1672,1277,Corporate,862999.71,Active
1673,1309,Current,475940.82,Active
1674,1298,Corporate,994455.64,Active
1675,20,Current,980006.12,Active
1676,239,Savings,882284.56,Active
1677,1294,Current,575294.63,Active
1678,418,Current,398608.43,Active
1679,1334,Savings,365021.92,Active
1680,1055,Corporate,13112.63,Active
1681,1128,Corporate,249925.32,Active
1682,186,Savings,719089.43,Active
1683,1152,Current,604028.47,Active
1684,1234,Current,916505.77,Active
1685,1438,Current,50972.24,Active
1686,1305,Corporate,156121.33,Dormant
1687,253,Current,789454.55,Active
1688,19,Corporate,359149.12,Active
1689,712,Current,119226.99,Active
1690,1160,Savings,996454.05,Active
1691,223,Savings,787463.05,Active
1692,3,Corporate,409332.3,Active
1693,1260,Corporate,823524.13,Dormant
1694,854,Savings,680923.27,Dormant
1695,1489,Savings,790184.78,Active
1696,228,Current,815391.17,Active
1697,913,Savings,85643.95,Active
1698,499,Corporate,623349.91,Active
1699,521,Savings,7778.77,Active
1700,702,Corporate,44412.79,Active
1701,917,Corporate,904076.03,Active
1702,1163,Current,528036.16,Active
1703,1300,Current,736166.08,Closed
1704,291,Current,838662.49,Active
1705,1077,Current,949637.18,Active
1706,1134,Savings,869483.5,Active
1707,715,Current,483828.14,Active
1708,948,Savings,336634.34,Active
1709,648,Current,155338.74,Active
1710,1028,Current,400921.16,Active
1711,684,Corporate,367127.09,Active
1712,870,Savings,560015.27,Dormant
1713,1071,Corporate,665843.9,Dormant
1714,94,Current,978347.15,Active
1715,940,Savings,728657.8,Active
1716,560,Current,644104.78,Active
1717,213,Corporate,335757.34,Active
1718,436,Savings,35469.37,Closed
1719,852,Corporate,288837,Active
1720,508,Current,768679.45,Active
1721,836,Current,206066.67,Dormant
1722,651,Current,712476.01,Active
1723,205,Savings,580200.06,Closed
1724,381,Corporate,172685.01,Active
1725,1097,Corporate,262363.18,Active
1726,1100,Current,496807.3,Active
1727,77,Corporate,418956.33,Active
1728,816,Savings,778785.28,Active
1729,768,Current,734670.24,Active
1730,410,Current,574999.93,Active
1731,106,Current,822452.44,Dormant
1732,551,Savings,563106.87,Active
1733,1500,Current,964424.87,Active
1734,826,Current,218006.88,Active
1735,1299,Current,714417.86,Active
1736,88,Current,370574.19,Active
1737,881,Corporate,279687.23,Active
1738,1101,Current,181207.09,Active
1739,1101,Savings,552950.97,Active
1740,1466,Current,216253.96,Active
1741,540,Current,201150.5,Active
1742,245,Corporate,990541.37,Active
1743,578,Current,801945.67,Dormant
1744,1406,Corporate,748528.54,Dormant
1745,982,Savings,794266.57,Active
1746,717,Corporate,968953.95,Active
1747,142,Current,573703.41,Active
1748,893,Savings,221023.63,Active
1749,1392,Current,862347.43,Closed
1750,1108,Corporate,742988,Active
1751,1167,Savings,414894,Active
1752,352,Savings,474095.93,Closed
1753,545,Corporate,411841.15,Active
1754,913,Corporate,930012.22,Active
1755,152,Savings,344188.08,Active
1756,1182,Savings,963520.79,Active
1757,1470,Corporate,910361.5,Active
1758,653,Current,630890.62,Active
1759,958,Savings,580241.95,Active
1760,763,Corporate,370719.19,Active
1761,1327,Current,19320.05,Active
1762,624,Savings,128495.56,Active
1763,656,Savings,754477.09,Active
1764,450,Corporate,472068.59,Active
1765,721,Current,150688.3,Active
1766,1248,Savings,264696.89,Active
1767,43,Current,947889.06,Active
1768,264,Current,367765.7,Active
1769,1027,Savings,907774.26,Active
1770,1292,Current,305331.2,Active
1771,596,Savings,543676.87,Active
1772,1040,Current,21456.61,Active
1773,1358,Savings,522353.24,Active
1774,1488,Corporate,637305.07,Active
1775,1083,Savings,235070.79,Closed
1776,1013,Savings,579358.24,Active
1777,177,Savings,647520.6,Active
1778,63,Current,687199.19,Active
1779,958,Corporate,776626.92,Active
1780,1003,Current,312027.9,Active
1781,561,Current,568209.18,Active
1782,1331,Savings,981597.45,Active
1783,1270,Current,898246.03,Active
1784,1313,Savings,952712.76,Dormant
1785,955,Corporate,386750.26,Active
1786,1356,Current,787141.18,Active
1787,850,Current,620278.05,Dormant
1788,1279,Current,83652.35,Active
1789,604,Savings,824156.41,Dormant
1790,606,Savings,677424.18,Active
1791,830,Current,199718.44,Active
1792,1487,Current,80658.82,Active
1793,1223,Corporate,837185.11,Active
1794,1295,Corporate,79822.93,Closed
1795,746,Corporate,92262.51,Active
1796,558,Corporate,427980.88,Active
1797,64,Corporate,135663.03,Dormant
1798,1254,Savings,913755.93,Active
1799,942,Corporate,470813.65,Dormant
1800,249,Corporate,569581.83,Active
