customer_id,name,country,risk_category,kyc_status,account_open_date
1,Cust_1,India,Low,Verified,28-01-2022
2,Cust_2,Singapore,Low,Verified,25-07-2024
3,Cust_3,UAE,Low,Verified,27-02-2022
4,Cust_4,India,Low,Verified,24-10-2022
5,Cust_5,India,Low,Verified,14-05-2022
6,Cust_6,India,Low,Verified,06-09-2022
7,Cust_7,India,Low,Pending,17-10-2024
8,Cust_8,UK,Low,Verified,04-07-2023
9,Cust_9,India,Low,Verified,20-06-2024
10,Cust_10,UAE,Medium,Verified,03-01-2025
11,Cust_11,India,Medium,Verified,13-04-2024
12,Cust_12,Singapore,Medium,Verified,06-04-2025
13,Cust_13,UK,High,Verified,10-02-2024
14,Cust_14,India,Low,Verified,26-05-2022
15,Cust_15,India,Low,Verified,11-06-2024
16,Cust_16,India,Low,Verified,10-12-2022
17,Cust_17,India,Low,Verified,24-11-2024
18,Cust_18,India,Medium,Verified,03-12-2023
19,Cust_19,India,Low,Verified,01-01-2022
20,Cust_20,India,High,Verified,02-06-2022
21,Cust_21,India,Low,Verified,05-03-2023
22,Cust_22,India,High,Verified,23-05-2023
23,Cust_23,India,Low,Verified,23-02-2025
24,Cust_24,India,Low,Verified,06-05-2023
25,Cust_25,India,Low,Verified,11-12-2022
26,Cust_26,UAE,Low,Verified,09-08-2022
27,Cust_27,India,Low,Pending,24-12-2023
28,Cust_28,India,Low,Verified,14-11-2024
29,Cust_29,India,Medium,Verified,12-06-2023
30,Cust_30,India,Low,Verified,20-04-2024
31,Cust_31,India,Low,Verified,01-12-2024
32,Cust_32,India,Low,Verified,26-04-2023
33,Cust_33,India,Medium,Verified,18-07-2024
34,Cust_34,Singapore,Low,Verified,21-05-2024
35,Cust_35,Singapore,Low,Verified,11-12-2022
36,Cust_36,UK,Low,Verified,14-02-2022
37,Cust_37,India,Low,Verified,21-01-2022
38,Cust_38,India,Low,Pending,29-12-2024
39,Cust_39,India,Low,Verified,22-05-2024
40,Cust_40,India,Low,Verified,17-02-2022
41,Cust_41,India,Medium,Verified,05-07-2023
42,Cust_42,India,Low,Pending,14-10-2022
43,Cust_43,India,Low,Verified,28-09-2024
44,Cust_44,Singapore,Low,Verified,30-10-2024
45,Cust_45,India,High,Verified,26-06-2023
46,Cust_46,India,Low,Verified,26-01-2024
47,Cust_47,India,Medium,Verified,01-10-2022
48,Cust_48,India,Low,Verified,13-08-2024
49,Cust_49,India,Low,Verified,23-08-2023
50,Cust_50,India,Low,Verified,16-01-2023
51,Cust_51,Singapore,High,Verified,24-04-2023
52,Cust_52,UAE,Low,Verified,15-01-2022
53,Cust_53,Singapore,Medium,Verified,31-05-2023
54,Cust_54,UK,Medium,Verified,10-07-2022
55,Cust_55,India,Low,Verified,06-04-2025
56,Cust_56,Singapore,Low,Pending,13-09-2023
57,Cust_57,India,Low,Verified,06-03-2025
58,Cust_58,India,Low,Verified,03-06-2022
59,Cust_59,India,Medium,Verified,29-09-2022
60,Cust_60,India,High,Pending,23-05-2022
61,Cust_61,India,Low,Verified,28-12-2024
62,Cust_62,India,Low,Verified,04-09-2022
63,Cust_63,UK,Medium,Verified,27-02-2024
64,Cust_64,India,Low,Verified,20-03-2022
65,Cust_65,India,Medium,Verified,15-09-2023
66,Cust_66,India,Low,Verified,09-06-2023
67,Cust_67,India,Low,Verified,11-02-2024
68,Cust_68,UK,Low,Pending,26-07-2024
69,Cust_69,India,Low,Verified,23-01-2025
70,Cust_70,Singapore,Low,Verified,09-09-2023
71,Cust_71,UAE,Low,Verified,28-10-2024
72,Cust_72,India,Low,Verified,08-03-2022
73,Cust_73,India,Medium,Verified,10-07-2022
74,Cust_74,UK,Medium,Verified,07-02-2024
75,Cust_75,UAE,Low,Verified,05-06-2023
76,Cust_76,UAE,Low,Pending,16-09-2024
77,Cust_77,UAE,Low,Pending,14-02-2025
78,Cust_78,India,Low,Verified,24-09-2022
79,Cust_79,India,Low,Verified,30-04-2023
80,Cust_80,India,Low,Pending,02-04-2025
81,Cust_81,UK,Low,Verified,11-01-2023
82,Cust_82,India,Low,Pending,15-10-2023
83,Cust_83,India,Low,Verified,03-07-2023
84,Cust_84,India,Low,Verified,02-01-2025
85,Cust_85,India,High,Verified,14-03-2022
86,Cust_86,India,Low,Verified,04-11-2022
87,Cust_87,UAE,Low,Verified,18-07-2022
88,Cust_88,India,Low,Verified,27-02-2025
89,Cust_89,UK,Low,Verified,26-07-2023
90,Cust_90,India,Medium,Verified,01-03-2024
91,Cust_91,India,Low,Verified,20-03-2025
92,Cust_92,UAE,High,Pending,28-06-2022
93,Cust_93,UAE,Low,Verified,16-07-2022
94,Cust_94,India,Low,Verified,05-01-2024
95,Cust_95,UAE,Medium,Verified,30-03-2022
96,Cust_96,India,Low,Verified,09-03-2024
97,Cust_97,India,Low,Pending,27-02-2024
98,Cust_98,India,Low,Verified,18-01-2024
99,Cust_99,India,Low,Verified,28-07-2022
100,Cust_100,India,Medium,Verified,08-05-2023
101,Cust_101,India,Low,Verified,27-02-2025
102,Cust_102,India,Low,Verified,27-10-2023
103,Cust_103,India,Low,Pending,02-11-2024
104,Cust_104,India,Low,Verified,20-05-2024
105,Cust_105,Singapore,Low,Verified,02-01-2024
106,Cust_106,India,Low,Verified,03-02-2025
107,Cust_107,India,Low,Verified,29-11-2023
108,Cust_108,UAE,Medium,Verified,27-01-2025
109,Cust_109,India,Low,Verified,17-08-2023
110,Cust_110,India,Low,Verified,04-06-2024
111,Cust_111,India,Medium,Verified,01-05-2024
112,Cust_112,India,Low,Verified,21-11-2022
113,Cust_113,Singapore,Low,Verified,05-09-2024
114,Cust_114,UK,Low,Verified,13-08-2024
115,Cust_115,India,Low,Verified,12-06-2024
116,Cust_116,UK,Low,Pending,24-05-2022
117,Cust_117,UK,High,Verified,19-01-2023
118,Cust_118,India,Low,Verified,04-08-2022
119,Cust_119,UK,Low,Verified,20-11-2022
120,Cust_120,India,Medium,Verified,04-11-2024
121,Cust_121,UK,Low,Verified,05-08-2022
122,Cust_122,UK,Low,Verified,08-08-2024
123,Cust_123,India,Low,Verified,02-07-2022
124,Cust_124,India,High,Verified,27-09-2022
125,Cust_125,India,Low,Verified,02-08-2024
126,Cust_126,India,Low,Verified,19-05-2024
127,Cust_127,UK,Low,Verified,12-04-2023
128,Cust_128,UK,Low,Verified,01-11-2022
129,Cust_129,India,Low,Pending,13-03-2025
130,Cust_130,India,Low,Verified,21-04-2022
131,Cust_131,India,Medium,Verified,10-10-2024
132,Cust_132,India,Low,Verified,20-08-2022
133,Cust_133,India,Low,Pending,18-08-2023
134,Cust_134,India,Medium,Verified,22-06-2022
135,Cust_135,Singapore,High,Verified,30-08-2024
136,Cust_136,India,Low,Verified,27-10-2024
137,Cust_137,India,Low,Verified,24-03-2025
138,Cust_138,UAE,Low,Verified,30-06-2023
139,Cust_139,India,High,Verified,02-07-2023
140,Cust_140,Singapore,High,Verified,02-06-2023
141,Cust_141,Singapore,Low,Verified,02-07-2024
142,Cust_142,India,Medium,Pending,03-08-2022
143,Cust_143,India,Low,Verified,14-05-2022
144,Cust_144,India,Low,Verified,12-10-2022
145,Cust_145,India,Low,Verified,23-02-2025
146,Cust_146,India,Medium,Verified,17-11-2023
147,Cust_147,India,Low,Pending,21-03-2025
148,Cust_148,India,Medium,Verified,27-11-2022
149,Cust_149,India,Medium,Verified,12-02-2025
150,Cust_150,India,Medium,Verified,12-06-2024
151,Cust_151,Singapore,Low,Verified,17-06-2024
152,Cust_152,India,Low,Verified,03-01-2025
153,Cust_153,India,Low,Verified,04-04-2025
154,Cust_154,India,Low,Verified,19-03-2022
155,Cust_155,Singapore,Low,Verified,04-08-2024
156,Cust_156,India,High,Verified,19-11-2023
157,Cust_157,India,Low,Pending,21-01-2022
158,Cust_158,UAE,Low,Verified,20-07-2023
159,Cust_159,India,Low,Verified,06-04-2024
160,Cust_160,UAE,Low,Verified,28-06-2022
161,Cust_161,India,Low,Verified,09-02-2025
162,Cust_162,India,Low,Verified,18-12-2024
163,Cust_163,India,High,Verified,23-06-2024
164,Cust_164,India,Low,Verified,31-10-2023
165,Cust_165,India,High,Verified,10-07-2022
166,Cust_166,UK,Medium,Verified,09-12-2023
167,Cust_167,India,Low,Pending,24-11-2024
168,Cust_168,India,High,Verified,14-01-2023
169,Cust_169,India,Low,Verified,22-01-2023
170,Cust_170,India,Medium,Verified,25-08-2022
171,Cust_171,India,Low,Verified,08-09-2023
172,Cust_172,India,Medium,Verified,10-10-2022
173,Cust_173,India,Medium,Verified,01-01-2022
174,Cust_174,India,Medium,Verified,09-04-2023
175,Cust_175,India,Medium,Verified,24-08-2024
176,Cust_176,India,Low,Verified,21-06-2022
177,Cust_177,India,Low,Verified,15-01-2025
178,Cust_178,India,Low,Pending,20-02-2025
179,Cust_179,Singapore,Low,Verified,22-04-2024
180,Cust_180,India,Low,Verified,21-11-2023
181,Cust_181,India,Low,Verified,29-07-2023
182,Cust_182,India,High,Verified,14-06-2022
183,Cust_183,Singapore,Low,Verified,18-01-2023
184,Cust_184,UK,Medium,Verified,28-07-2022
185,Cust_185,India,Low,Verified,12-08-2022
186,Cust_186,India,Medium,Verified,03-01-2022
187,Cust_187,UK,High,Verified,07-01-2023
188,Cust_188,India,Low,Verified,03-09-2023
189,Cust_189,India,Low,Verified,26-04-2022
190,Cust_190,India,Medium,Verified,23-03-2023
191,Cust_191,India,Low,Verified,19-02-2023
192,Cust_192,UK,Low,Pending,23-01-2025
193,Cust_193,Singapore,Low,Pending,10-06-2024
194,Cust_194,India,Low,Verified,13-11-2024
195,Cust_195,India,Low,Verified,25-10-2023
196,Cust_196,India,Low,Verified,09-12-2024
197,Cust_197,UAE,Low,Pending,19-12-2023
198,Cust_198,UK,Low,Pending,07-01-2025
199,Cust_199,UK,High,Verified,16-11-2024
200,Cust_200,UAE,Low,Verified,28-09-2022
201,Cust_201,India,High,Verified,16-07-2023
202,Cust_202,India,Low,Verified,14-03-2024
203,Cust_203,India,Low,Verified,04-09-2022
204,Cust_204,UK,Low,Pending,22-01-2023
205,Cust_205,India,Low,Verified,03-12-2023
206,Cust_206,India,Low,Verified,13-07-2023
207,Cust_207,India,Low,Pending,30-08-2024
208,Cust_208,India,Low,Verified,10-09-2024
209,Cust_209,India,Low,Verified,18-12-2022
210,Cust_210,India,Low,Verified,23-01-2024
211,Cust_211,India,Low,Verified,20-02-2024
212,Cust_212,India,Low,Verified,21-10-2024
213,Cust_213,India,Medium,Verified,30-06-2023
214,Cust_214,India,Low,Verified,20-03-2022
215,Cust_215,UAE,Low,Verified,30-11-2022
216,Cust_216,India,High,Verified,07-06-2024
217,Cust_217,India,Low,Verified,26-01-2025
218,Cust_218,UAE,Low,Verified,10-01-2025
219,Cust_219,India,High,Verified,17-05-2023
220,Cust_220,UK,Low,Verified,04-02-2024
221,Cust_221,India,Low,Verified,09-07-2024
222,Cust_222,India,Low,Verified,04-07-2023
223,Cust_223,India,Low,Verified,14-01-2022
224,Cust_224,India,Low,Verified,27-01-2023
225,Cust_225,India,Low,Verified,06-11-2022
226,Cust_226,India,Low,Pending,21-01-2023
227,Cust_227,Singapore,Low,Verified,31-08-2024
228,Cust_228,India,High,Verified,22-01-2025
229,Cust_229,UK,Medium,Verified,21-01-2025
230,Cust_230,India,Low,Verified,06-12-2022
231,Cust_231,UAE,Low,Verified,20-08-2023
232,Cust_232,India,Low,Verified,27-01-2024
233,Cust_233,India,Low,Verified,11-11-2024
234,Cust_234,India,Low,Verified,18-10-2022
235,Cust_235,India,Low,Verified,02-11-2022
236,Cust_236,UAE,Medium,Verified,26-09-2023
237,Cust_237,India,Low,Verified,25-02-2025
238,Cust_238,India,Low,Pending,17-09-2023
239,Cust_239,India,Low,Verified,27-07-2024
240,Cust_240,India,Low,Verified,27-04-2024
241,Cust_241,Singapore,Medium,Verified,18-03-2023
242,Cust_242,Singapore,Medium,Verified,18-05-2023
243,Cust_243,Singapore,Medium,Verified,10-05-2022
244,Cust_244,India,Low,Verified,01-03-2025
245,Cust_245,India,Low,Verified,20-08-2023
246,Cust_246,Singapore,Low,Verified,11-05-2024
247,Cust_247,India,Low,Verified,16-08-2023
248,Cust_248,Singapore,Low,Verified,25-09-2024
249,Cust_249,Singapore,Medium,Pending,21-11-2022
250,Cust_250,UK,Low,Verified,28-12-2024
251,Cust_251,India,Low,Verified,24-03-2023
252,Cust_252,India,Low,Verified,29-03-2024
253,Cust_253,UK,Low,Verified,03-04-2025
254,Cust_254,India,Low,Verified,10-12-2023
255,Cust_255,India,High,Verified,22-09-2022
256,Cust_256,India,Medium,Verified,04-09-2023
257,Cust_257,Singapore,High,Verified,11-04-2024
258,Cust_258,India,Low,Verified,05-11-2023
259,Cust_259,India,Low,Verified,06-06-2022
260,Cust_260,India,Low,Pending,08-09-2022
261,Cust_261,India,Low,Verified,27-05-2024
262,Cust_262,Singapore,Medium,Verified,14-06-2023
263,Cust_263,India,Low,Verified,23-11-2022
264,Cust_264,India,Low,Verified,18-08-2024
265,Cust_265,UK,Low,Verified,13-06-2024
266,Cust_266,UAE,Low,Verified,07-04-2022
267,Cust_267,India,Medium,Verified,28-05-2023
268,Cust_268,UAE,Low,Verified,04-08-2022
269,Cust_269,India,Low,Verified,01-03-2025
270,Cust_270,India,Low,Verified,05-05-2022
271,Cust_271,UK,Low,Verified,10-01-2025
272,Cust_272,UK,Medium,Verified,28-02-2022
273,Cust_273,UK,Medium,Verified,10-06-2022
274,Cust_274,Singapore,High,Verified,11-10-2022
275,Cust_275,India,Medium,Verified,16-04-2022
276,Cust_276,India,Low,Verified,02-02-2025
277,Cust_277,UAE,Low,Verified,16-08-2022
278,Cust_278,India,Low,Verified,14-11-2022
279,Cust_279,UAE,Low,Verified,12-03-2024
280,Cust_280,UAE,Medium,Verified,23-05-2024
281,Cust_281,UK,Low,Verified,17-04-2023
282,Cust_282,India,High,Verified,15-12-2024
283,Cust_283,India,Low,Pending,17-09-2023
284,Cust_284,India,Low,Pending,13-01-2022
285,Cust_285,India,Low,Verified,07-11-2024
286,Cust_286,India,Medium,Verified,25-11-2023
287,Cust_287,India,Low,Verified,30-08-2024
288,Cust_288,India,Low,Verified,23-04-2022
289,Cust_289,India,Low,Pending,17-08-2022
290,Cust_290,India,Low,Verified,20-06-2022
291,Cust_291,India,Low,Verified,22-10-2022
292,Cust_292,India,Medium,Pending,08-07-2022
293,Cust_293,UK,Low,Verified,02-03-2023
294,Cust_294,India,Low,Verified,03-09-2024
295,Cust_295,India,Low,Pending,07-01-2025
296,Cust_296,India,Low,Verified,20-10-2023
297,Cust_297,UAE,Medium,Verified,07-07-2024
298,Cust_298,India,Low,Verified,14-05-2023
299,Cust_299,India,Low,Verified,01-02-2024
300,Cust_300,India,Low,Verified,15-05-2024
301,Cust_301,India,High,Verified,05-04-2024
302,Cust_302,India,Medium,Pending,12-03-2022
303,Cust_303,India,Low,Verified,05-09-2022
304,Cust_304,India,Low,Verified,26-05-2022
305,Cust_305,UAE,Low,Verified,05-08-2023
306,Cust_306,Singapore,Medium,Verified,15-04-2023
307,Cust_307,India,Low,Verified,12-07-2022
308,Cust_308,India,Low,Verified,27-12-2024
309,Cust_309,UAE,Low,Verified,09-05-2023
310,Cust_310,India,Low,Verified,21-02-2022
311,Cust_311,India,Low,Verified,31-05-2024
312,Cust_312,India,Medium,Verified,29-12-2022
313,Cust_313,India,Low,Verified,05-07-2024
314,Cust_314,Singapore,Low,Verified,19-04-2023
315,Cust_315,UK,Low,Verified,05-06-2023
316,Cust_316,India,High,Verified,22-11-2023
317,Cust_317,India,Low,Verified,25-02-2025
318,Cust_318,India,Medium,Verified,16-06-2023
319,Cust_319,India,Low,Verified,19-04-2024
320,Cust_320,India,Low,Verified,24-12-2024
321,Cust_321,India,Low,Verified,29-08-2022
322,Cust_322,UAE,Low,Verified,20-06-2023
323,Cust_323,India,Low,Verified,24-03-2022
324,Cust_324,India,Medium,Verified,08-09-2024
325,Cust_325,Singapore,Low,Verified,08-08-2024
326,Cust_326,UAE,Low,Verified,03-09-2023
327,Cust_327,India,Low,Verified,28-07-2023
328,Cust_328,India,High,Verified,13-10-2022
329,Cust_329,India,Medium,Verified,15-09-2024
330,Cust_330,India,Low,Verified,04-04-2023
331,Cust_331,India,High,Verified,06-05-2022
332,Cust_332,UAE,Low,Verified,01-03-2023
333,Cust_333,India,Low,Verified,08-07-2023
334,Cust_334,India,Medium,Verified,02-09-2023
335,Cust_335,India,Medium,Pending,27-03-2025
336,Cust_336,India,Low,Verified,22-04-2022
337,Cust_337,UK,Low,Pending,06-02-2023
338,Cust_338,UAE,Low,Verified,02-05-2022
339,Cust_339,India,High,Verified,30-09-2022
340,Cust_340,India,Low,Verified,02-02-2023
341,Cust_341,India,Low,Pending,16-04-2023
342,Cust_342,India,Low,Verified,11-09-2024
343,Cust_343,India,Low,Verified,07-02-2025
344,Cust_344,India,Low,Verified,23-07-2023
345,Cust_345,India,High,Verified,11-02-2025
346,Cust_346,India,Low,Verified,15-06-2024
347,Cust_347,India,Low,Verified,30-03-2024
348,Cust_348,India,Low,Verified,02-05-2024
349,Cust_349,India,Medium,Verified,11-12-2023
350,Cust_350,India,Low,Verified,17-11-2022
351,Cust_351,India,Low,Verified,28-06-2022
352,Cust_352,UK,Medium,Verified,15-06-2024
353,Cust_353,India,Medium,Pending,07-08-2022
354,Cust_354,India,Medium,Verified,28-02-2024
355,Cust_355,India,High,Verified,07-05-2023
356,Cust_356,India,Low,Verified,02-03-2022
357,Cust_357,India,Medium,Verified,13-12-2024
358,Cust_358,India,Low,Verified,22-06-2023
359,Cust_359,Singapore,Medium,Verified,27-04-2024
360,Cust_360,India,Medium,Verified,14-09-2024
361,Cust_361,India,Medium,Verified,06-03-2022
362,Cust_362,India,Low,Verified,09-08-2023
363,Cust_363,India,Low,Verified,20-06-2022
364,Cust_364,India,Low,Verified,19-06-2023
365,Cust_365,Singapore,High,Pending,24-11-2023
366,Cust_366,India,High,Verified,18-04-2022
367,Cust_367,Singapore,Low,Verified,31-03-2025
368,Cust_368,Singapore,Low,Verified,24-03-2024
369,Cust_369,India,Low,Verified,01-10-2024
370,Cust_370,India,Medium,Verified,28-03-2023
371,Cust_371,India,Medium,Verified,13-08-2023
372,Cust_372,India,Low,Verified,05-11-2024
373,Cust_373,India,Low,Verified,23-11-2022
374,Cust_374,India,Medium,Verified,31-08-2023
375,Cust_375,India,Medium,Verified,21-10-2023
376,Cust_376,India,Low,Verified,02-01-2022
377,Cust_377,UK,Low,Verified,30-10-2024
378,Cust_378,India,Low,Verified,10-03-2023
379,Cust_379,UK,Low,Verified,05-05-2022
380,Cust_380,India,Low,Verified,09-01-2025
381,Cust_381,India,Low,Verified,30-04-2023
382,Cust_382,India,Medium,Verified,14-10-2023
383,Cust_383,India,Low,Verified,19-03-2025
384,Cust_384,UK,Medium,Verified,10-03-2024
385,Cust_385,UAE,Low,Verified,22-05-2024
386,Cust_386,UK,Low,Pending,09-05-2022
387,Cust_387,India,Low,Verified,14-03-2023
388,Cust_388,India,Low,Verified,21-01-2024
389,Cust_389,UAE,Medium,Verified,16-05-2023
390,Cust_390,UK,High,Verified,17-12-2024
391,Cust_391,Singapore,Low,Verified,30-07-2022
392,Cust_392,India,Low,Pending,20-06-2024
393,Cust_393,India,Medium,Pending,14-02-2022
394,Cust_394,UAE,Low,Verified,25-01-2025
395,Cust_395,India,Low,Pending,19-06-2023
396,Cust_396,Singapore,Medium,Pending,06-04-2023
397,Cust_397,UK,Low,Verified,26-01-2023
398,Cust_398,India,Low,Verified,03-12-2024
399,Cust_399,UAE,Low,Verified,27-01-2022
400,Cust_400,UAE,Medium,Verified,04-03-2024
401,Cust_401,India,Low,Verified,25-01-2025
402,Cust_402,Singapore,Low,Verified,01-09-2024
403,Cust_403,India,Medium,Pending,02-07-2023
404,Cust_404,UK,Low,Verified,13-09-2023
405,Cust_405,India,Medium,Verified,21-07-2023
406,Cust_406,UK,Low,Verified,05-12-2023
407,Cust_407,India,High,Pending,04-07-2022
408,Cust_408,India,Low,Pending,28-12-2024
409,Cust_409,Singapore,Low,Verified,27-02-2025
410,Cust_410,India,Low,Verified,27-04-2024
411,Cust_411,India,Low,Verified,22-08-2023
412,Cust_412,Singapore,Medium,Verified,16-03-2024
413,Cust_413,Singapore,High,Verified,23-03-2025
414,Cust_414,India,Low,Verified,20-03-2022
415,Cust_415,India,Low,Verified,02-08-2023
416,Cust_416,India,Medium,Verified,17-02-2023
417,Cust_417,India,Medium,Verified,30-06-2023
418,Cust_418,India,Low,Verified,18-06-2022
419,Cust_419,India,Low,Verified,12-11-2023
420,Cust_420,UAE,Low,Verified,06-08-2023
421,Cust_421,UAE,Low,Verified,30-05-2023
422,Cust_422,UAE,Low,Verified,01-02-2022
423,Cust_423,India,Low,Verified,14-10-2022
424,Cust_424,India,Low,Verified,17-08-2023
425,Cust_425,India,Medium,Verified,02-12-2024
426,Cust_426,India,Low,Verified,09-09-2023
427,Cust_427,India,Low,Verified,21-10-2024
428,Cust_428,UK,Low,Verified,27-09-2022
429,Cust_429,India,Low,Pending,02-06-2023
430,Cust_430,India,Low,Verified,31-01-2025
431,Cust_431,India,Low,Verified,30-10-2024
432,Cust_432,UAE,Low,Pending,06-08-2023
433,Cust_433,India,Low,Verified,18-01-2025
434,Cust_434,India,Low,Verified,14-08-2022
435,Cust_435,India,Low,Verified,01-11-2023
436,Cust_436,UAE,Medium,Verified,05-07-2024
437,Cust_437,India,Low,Verified,06-05-2022
438,Cust_438,UK,Medium,Verified,13-08-2024
439,Cust_439,UAE,Low,Pending,25-01-2025
440,Cust_440,India,Low,Pending,15-03-2022
441,Cust_441,India,Low,Verified,25-02-2022
442,Cust_442,Singapore,Low,Verified,21-12-2023
443,Cust_443,India,Medium,Verified,07-07-2023
444,Cust_444,India,Medium,Pending,01-02-2022
445,Cust_445,UK,Medium,Pending,28-07-2023
446,Cust_446,Singapore,Low,Verified,29-10-2023
447,Cust_447,Singapore,Low,Verified,11-10-2022
448,Cust_448,UAE,Low,Verified,06-07-2022
449,Cust_449,India,Low,Verified,13-05-2023
450,Cust_450,India,Low,Verified,10-05-2022
451,Cust_451,UAE,Low,Verified,01-10-2023
452,Cust_452,India,Low,Verified,24-04-2022
453,Cust_453,India,Low,Verified,13-01-2022
454,Cust_454,Singapore,Medium,Verified,20-03-2023
455,Cust_455,India,High,Pending,23-03-2023
456,Cust_456,India,High,Verified,12-09-2024
457,Cust_457,India,Low,Verified,19-09-2024
458,Cust_458,India,Low,Verified,16-12-2023
459,Cust_459,India,Low,Verified,15-03-2022
460,Cust_460,India,Medium,Verified,21-06-2023
461,Cust_461,India,Low,Verified,11-04-2022
462,Cust_462,India,Low,Verified,25-06-2022
463,Cust_463,UAE,Medium,Verified,03-03-2023
464,Cust_464,India,Low,Verified,14-02-2025
465,Cust_465,Singapore,Low,Verified,04-04-2025
466,Cust_466,India,Low,Verified,10-02-2022
467,Cust_467,India,Low,Verified,05-03-2023
468,Cust_468,UK,Low,Verified,10-12-2022
469,Cust_469,India,Low,Verified,01-01-2023
470,Cust_470,Singapore,Low,Verified,17-02-2025
471,Cust_471,India,Low,Verified,01-09-2023
472,Cust_472,Singapore,Medium,Verified,19-10-2023
473,Cust_473,India,Low,Verified,29-12-2023
474,Cust_474,UK,Low,Verified,17-08-2022
475,Cust_475,India,Low,Verified,04-04-2024
476,Cust_476,Singapore,High,Verified,27-02-2025
477,Cust_477,India,Low,Pending,07-06-2024
478,Cust_478,India,Low,Verified,10-09-2024
479,Cust_479,Singapore,Medium,Verified,15-04-2024
480,Cust_480,India,Medium,Verified,27-04-2022
481,Cust_481,India,Low,Verified,28-03-2024
482,Cust_482,India,Medium,Verified,03-01-2023
483,Cust_483,India,Low,Verified,22-01-2025
484,Cust_484,India,Low,Pending,17-06-2022
485,Cust_485,India,Low,Verified,11-08-2024
486,Cust_486,Singapore,Low,Verified,23-10-2023
487,Cust_487,India,Medium,Verified,26-11-2023
488,Cust_488,India,Low,Verified,13-07-2024
489,Cust_489,Singapore,Low,Verified,01-06-2022
490,Cust_490,UK,Medium,Verified,09-08-2023
491,Cust_491,India,Medium,Verified,01-07-2024
492,Cust_492,India,Low,Verified,01-10-2022
493,Cust_493,India,Low,Pending,11-05-2023
494,Cust_494,India,Low,Pending,11-04-2022
495,Cust_495,India,Medium,Verified,11-07-2023
496,Cust_496,India,Low,Verified,10-01-2025
497,Cust_497,India,High,Pending,14-03-2022
498,Cust_498,India,Low,Pending,03-11-2024
499,Cust_499,Singapore,Low,Verified,06-06-2022
500,Cust_500,Singapore,Low,Verified,05-01-2024
501,Cust_501,India,Low,Verified,12-05-2022
502,Cust_502,India,Low,Verified,15-10-2024
503,Cust_503,India,High,Pending,13-07-2023
504,Cust_504,UK,Low,Verified,17-04-2022
505,Cust_505,India,Low,Pending,22-09-2022
506,Cust_506,India,Medium,Verified,07-01-2025
507,Cust_507,Singapore,Low,Pending,04-06-2022
508,Cust_508,UK,Medium,Verified,14-09-2024
509,Cust_509,Singapore,Low,Verified,23-09-2024
510,Cust_510,UAE,Low,Verified,04-09-2022
511,Cust_511,India,Low,Verified,15-06-2023
512,Cust_512,India,Low,Verified,07-05-2024
513,Cust_513,Singapore,High,Pending,22-06-2023
514,Cust_514,UK,Low,Verified,30-12-2023
515,Cust_515,India,Low,Pending,23-03-2025
516,Cust_516,India,Low,Pending,03-06-2022
517,Cust_517,India,Low,Verified,02-04-2022
518,Cust_518,UK,Medium,Verified,04-12-2022
519,Cust_519,Singapore,Low,Verified,28-02-2025
520,Cust_520,India,Low,Verified,26-03-2023
521,Cust_521,India,High,Verified,20-03-2024
522,Cust_522,India,Low,Verified,26-02-2024
523,Cust_523,Singapore,High,Verified,30-09-2022
524,Cust_524,UK,Low,Verified,11-08-2023
525,Cust_525,UK,Low,Verified,26-06-2022
526,Cust_526,India,Low,Verified,10-04-2024
527,Cust_527,India,Medium,Pending,05-10-2023
528,Cust_528,India,High,Verified,08-12-2024
529,Cust_529,India,Low,Pending,21-07-2023
530,Cust_530,UK,Low,Verified,28-10-2023
531,Cust_531,UK,Low,Verified,17-05-2024
532,Cust_532,Singapore,Low,Verified,05-12-2024
533,Cust_533,Singapore,Low,Verified,29-10-2022
534,Cust_534,India,High,Verified,17-05-2024
535,Cust_535,UAE,Low,Verified,30-06-2024
536,Cust_536,Singapore,Low,Verified,12-02-2023
537,Cust_537,UK,Low,Verified,01-04-2024
538,Cust_538,India,Low,Verified,26-02-2025
539,Cust_539,India,Low,Verified,15-07-2023
540,Cust_540,India,Low,Verified,15-02-2025
541,Cust_541,Singapore,Medium,Verified,09-04-2023
542,Cust_542,India,Low,Verified,24-05-2022
543,Cust_543,India,Low,Verified,18-03-2023
544,Cust_544,India,Low,Verified,26-03-2025
545,Cust_545,India,Medium,Pending,02-05-2023
546,Cust_546,India,Medium,Verified,09-05-2024
547,Cust_547,India,Low,Verified,03-03-2025
548,Cust_548,India,Medium,Verified,28-05-2022
549,Cust_549,India,Low,Verified,30-12-2024
550,Cust_550,UAE,Low,Verified,21-03-2024
551,Cust_551,India,Low,Verified,28-10-2023
552,Cust_552,UK,Low,Verified,31-03-2022
553,Cust_553,India,Low,Verified,18-07-2022
554,Cust_554,India,High,Verified,30-03-2025
555,Cust_555,UK,Medium,Verified,22-06-2023
556,Cust_556,India,Low,Verified,18-02-2025
557,Cust_557,India,Low,Verified,28-10-2022
558,Cust_558,India,Low,Verified,25-12-2023
559,Cust_559,UAE,Low,Verified,20-08-2024
560,Cust_560,India,Low,Verified,09-03-2022
561,Cust_561,UAE,Low,Verified,04-04-2023
562,Cust_562,India,Low,Verified,02-02-2023
563,Cust_563,India,Medium,Verified,12-09-2023
564,Cust_564,India,Low,Verified,09-03-2025
565,Cust_565,India,Low,Verified,31-12-2023
566,Cust_566,India,Medium,Verified,10-07-2023
567,Cust_567,India,Low,Verified,20-02-2024
568,Cust_568,India,Low,Verified,12-06-2024
569,Cust_569,Singapore,Low,Verified,02-09-2023
570,Cust_570,India,Low,Pending,18-01-2024
571,Cust_571,India,Medium,Verified,09-10-2022
572,Cust_572,UAE,Low,Verified,23-10-2023
573,Cust_573,India,Low,Verified,12-07-2024
574,Cust_574,India,Medium,Pending,22-09-2024
575,Cust_575,UK,Medium,Pending,16-01-2024
576,Cust_576,Singapore,Medium,Verified,28-03-2022
577,Cust_577,India,Low,Verified,07-01-2025
578,Cust_578,Singapore,Low,Verified,01-03-2024
579,Cust_579,India,High,Verified,31-10-2022
580,Cust_580,India,Medium,Verified,10-05-2022
581,Cust_581,India,Low,Verified,19-08-2023
582,Cust_582,Singapore,Low,Verified,12-07-2023
583,Cust_583,India,Low,Verified,17-06-2024
584,Cust_584,India,High,Pending,19-03-2022
585,Cust_585,India,Low,Verified,23-02-2024
586,Cust_586,India,Low,Verified,05-11-2023
587,Cust_587,India,Low,Verified,26-08-2022
588,Cust_588,India,Low,Verified,03-03-2025
589,Cust_589,India,Medium,Verified,05-10-2022
590,Cust_590,India,Low,Verified,07-11-2024
591,Cust_591,India,Medium,Pending,08-06-2023
592,Cust_592,India,High,Verified,29-06-2022
593,Cust_593,India,Low,Verified,03-05-2022
594,Cust_594,India,Low,Verified,10-12-2024
595,Cust_595,UK,Low,Verified,30-12-2024
596,Cust_596,India,Medium,Verified,25-04-2023
597,Cust_597,India,Low,Verified,08-11-2024
598,Cust_598,India,Low,Verified,25-03-2022
599,Cust_599,India,Medium,Verified,24-03-2025
600,Cust_600,India,Low,Verified,19-07-2023
601,Cust_601,India,High,Verified,11-09-2023
602,Cust_602,India,Low,Verified,23-12-2022
603,Cust_603,India,Low,Verified,26-03-2024
604,Cust_604,India,Low,Verified,09-10-2023
605,Cust_605,India,Medium,Verified,19-03-2023
606,Cust_606,India,Low,Verified,28-12-2024
607,Cust_607,India,Medium,Verified,07-06-2023
608,Cust_608,India,High,Verified,23-05-2022
609,Cust_609,India,Low,Pending,11-07-2022
610,Cust_610,India,High,Pending,13-01-2023
611,Cust_611,India,Low,Verified,04-08-2023
612,Cust_612,UAE,Low,Verified,19-06-2023
613,Cust_613,India,Low,Verified,29-10-2024
614,Cust_614,India,Medium,Verified,03-04-2022
615,Cust_615,UK,Low,Verified,13-06-2023
616,Cust_616,Singapore,Low,Verified,23-03-2025
617,Cust_617,India,Low,Verified,09-02-2023
618,Cust_618,India,Low,Verified,19-04-2024
619,Cust_619,UK,Low,Verified,18-03-2025
620,Cust_620,UAE,Medium,Verified,07-06-2024
621,Cust_621,India,Medium,Verified,26-02-2023
622,Cust_622,India,Low,Verified,17-04-2023
623,Cust_623,India,High,Verified,11-06-2024
624,Cust_624,India,Low,Pending,01-07-2023
625,Cust_625,India,High,Verified,23-09-2023
626,Cust_626,India,Low,Verified,03-11-2024
627,Cust_627,India,Low,Verified,17-02-2024
628,Cust_628,UAE,Low,Pending,30-12-2022
629,Cust_629,India,Medium,Verified,29-04-2022
630,Cust_630,India,Low,Verified,30-06-2023
631,Cust_631,UAE,Low,Verified,07-04-2025
632,Cust_632,UK,Low,Verified,06-06-2023
633,Cust_633,India,Low,Verified,26-09-2023
634,Cust_634,India,Low,Verified,20-08-2024
635,Cust_635,India,Medium,Verified,15-08-2024
636,Cust_636,India,Medium,Verified,01-06-2024
637,Cust_637,India,Low,Pending,19-02-2024
638,Cust_638,India,Medium,Verified,20-05-2024
639,Cust_639,India,Low,Verified,31-05-2023
640,Cust_640,India,Medium,Verified,26-07-2024
641,Cust_641,India,Medium,Verified,15-05-2024
642,Cust_642,India,Low,Pending,16-04-2022
643,Cust_643,India,Medium,Verified,13-01-2025
644,Cust_644,India,Low,Verified,02-08-2022
645,Cust_645,India,Low,Verified,18-02-2025
646,Cust_646,UK,Medium,Verified,01-03-2025
647,Cust_647,India,Low,Verified,29-04-2024
648,Cust_648,India,Low,Verified,16-07-2022
649,Cust_649,UAE,Low,Verified,19-01-2022
650,Cust_650,India,Medium,Pending,04-10-2023
651,Cust_651,India,Low,Verified,01-11-2024
652,Cust_652,India,Low,Verified,09-01-2025
653,Cust_653,India,Medium,Verified,26-11-2022
654,Cust_654,UAE,Medium,Verified,15-05-2024
655,Cust_655,India,Low,Verified,13-02-2024
656,Cust_656,India,Low,Verified,27-01-2023
657,Cust_657,India,Low,Verified,29-09-2023
658,Cust_658,India,Low,Verified,03-11-2022
659,Cust_659,India,Low,Verified,13-06-2024
660,Cust_660,India,Medium,Pending,14-10-2023
661,Cust_661,India,Low,Verified,20-04-2024
662,Cust_662,Singapore,Low,Verified,22-10-2024
663,Cust_663,India,Low,Verified,04-06-2023
664,Cust_664,India,Medium,Verified,28-09-2023
665,Cust_665,India,Low,Verified,10-01-2024
666,Cust_666,India,High,Verified,14-04-2023
667,Cust_667,India,Low,Verified,31-07-2022
668,Cust_668,India,Low,Verified,09-02-2025
669,Cust_669,India,Low,Verified,28-10-2024
670,Cust_670,India,Low,Verified,14-03-2024
671,Cust_671,India,Low,Verified,22-04-2023
672,Cust_672,UK,Low,Verified,23-05-2024
673,Cust_673,India,Low,Verified,05-04-2023
674,Cust_674,India,Medium,Verified,10-09-2022
675,Cust_675,India,Low,Verified,22-01-2024
676,Cust_676,Singapore,Medium,Verified,07-09-2024
677,Cust_677,India,Low,Verified,03-05-2024
678,Cust_678,India,Low,Verified,24-08-2022
679,Cust_679,Singapore,Low,Verified,23-04-2023
680,Cust_680,UK,Low,Verified,10-11-2023
681,Cust_681,UK,Low,Verified,09-11-2024
682,Cust_682,India,Low,Verified,04-08-2022
683,Cust_683,India,Low,Verified,04-05-2024
684,Cust_684,India,Low,Verified,15-05-2022
685,Cust_685,Singapore,Low,Verified,23-06-2024
686,Cust_686,India,High,Verified,26-02-2025
687,Cust_687,India,Medium,Pending,14-02-2023
688,Cust_688,India,Medium,Verified,27-03-2022
689,Cust_689,UAE,Medium,Verified,10-07-2023
690,Cust_690,India,Low,Verified,13-01-2023
691,Cust_691,India,Low,Verified,10-12-2024
692,Cust_692,India,High,Verified,30-08-2022
693,Cust_693,India,Low,Verified,08-07-2024
694,Cust_694,India,Low,Verified,23-09-2022
695,Cust_695,India,Low,Verified,17-02-2025
696,Cust_696,India,Low,Verified,13-12-2023
697,Cust_697,India,Low,Pending,11-03-2022
698,Cust_698,India,Medium,Verified,26-02-2022
699,Cust_699,India,Low,Pending,08-02-2022
700,Cust_700,India,Low,Verified,11-03-2024
701,Cust_701,India,High,Verified,07-11-2024
702,Cust_702,India,Low,Verified,02-01-2024
703,Cust_703,India,Low,Verified,04-04-2024
704,Cust_704,India,Low,Verified,26-01-2024
705,Cust_705,India,Medium,Pending,18-12-2022
706,Cust_706,Singapore,High,Pending,10-10-2022
707,Cust_707,India,Low,Verified,20-04-2022
708,Cust_708,UK,Medium,Verified,13-10-2024
709,Cust_709,India,Low,Verified,28-06-2023
710,Cust_710,India,High,Pending,25-01-2022
711,Cust_711,UAE,Medium,Verified,22-04-2024
712,Cust_712,India,Medium,Verified,01-03-2024
713,Cust_713,India,Low,Verified,08-01-2024
714,Cust_714,India,High,Verified,26-02-2022
715,Cust_715,India,Medium,Pending,29-06-2022
716,Cust_716,Singapore,Low,Verified,20-08-2022
717,Cust_717,UK,Medium,Verified,09-12-2022
718,Cust_718,Singapore,Low,Verified,22-04-2023
719,Cust_719,India,Medium,Verified,30-07-2023
720,Cust_720,UAE,Low,Verified,31-03-2023
721,Cust_721,Singapore,Medium,Verified,16-10-2022
722,Cust_722,India,Low,Verified,15-09-2022
723,Cust_723,India,Low,Pending,14-06-2023
724,Cust_724,UAE,Low,Verified,18-11-2023
725,Cust_725,India,Low,Verified,17-07-2024
726,Cust_726,UK,Low,Pending,17-08-2022
727,Cust_727,India,Low,Verified,19-08-2023
728,Cust_728,UAE,Low,Verified,11-03-2023
729,Cust_729,India,Low,Verified,31-05-2024
730,Cust_730,India,Low,Verified,17-10-2024
731,Cust_731,India,Medium,Verified,06-02-2023
732,Cust_732,UK,Low,Pending,14-09-2023
733,Cust_733,India,High,Verified,29-03-2022
734,Cust_734,India,Medium,Verified,07-08-2023
735,Cust_735,India,Low,Verified,05-11-2022
736,Cust_736,UK,Low,Verified,24-06-2024
737,Cust_737,India,Medium,Verified,09-12-2022
738,Cust_738,UK,Low,Verified,12-03-2023
739,Cust_739,India,Low,Verified,26-06-2022
740,Cust_740,India,Low,Verified,19-05-2022
741,Cust_741,India,Medium,Pending,13-07-2022
742,Cust_742,India,Low,Verified,02-04-2025
743,Cust_743,UAE,Low,Verified,30-03-2025
744,Cust_744,India,High,Verified,31-07-2024
745,Cust_745,India,Medium,Verified,09-06-2023
746,Cust_746,UK,Low,Verified,01-12-2024
747,Cust_747,India,Low,Verified,03-07-2024
748,Cust_748,India,Medium,Verified,29-07-2022
749,Cust_749,Singapore,Low,Verified,11-01-2024
750,Cust_750,India,Low,Pending,11-05-2024
751,Cust_751,India,Low,Pending,11-08-2024
752,Cust_752,Singapore,High,Pending,12-04-2024
753,Cust_753,India,Low,Verified,20-05-2022
754,Cust_754,India,Medium,Verified,02-03-2024
755,Cust_755,India,Medium,Verified,30-06-2023
756,Cust_756,UAE,Low,Verified,13-10-2024
757,Cust_757,India,Low,Verified,26-02-2022
758,Cust_758,India,Low,Verified,22-04-2022
759,Cust_759,UK,Low,Verified,05-01-2022
760,Cust_760,UAE,Low,Verified,02-11-2024
761,Cust_761,India,Medium,Verified,31-03-2022
762,Cust_762,India,Low,Verified,08-09-2023
763,Cust_763,India,Medium,Verified,09-06-2024
764,Cust_764,UAE,Low,Verified,29-11-2023
765,Cust_765,India,Low,Verified,16-06-2024
766,Cust_766,India,Low,Verified,28-08-2024
767,Cust_767,UAE,Low,Verified,05-02-2025
768,Cust_768,UK,Medium,Verified,30-10-2023
769,Cust_769,India,Low,Verified,17-08-2023
770,Cust_770,UK,Low,Verified,12-08-2023
771,Cust_771,India,Low,Verified,30-04-2023
772,Cust_772,UK,Low,Pending,08-09-2024
773,Cust_773,India,Low,Verified,29-08-2024
774,Cust_774,India,Low,Verified,01-10-2023
775,Cust_775,UAE,High,Verified,23-09-2024
776,Cust_776,India,Low,Pending,09-10-2022
777,Cust_777,India,Medium,Verified,12-09-2024
778,Cust_778,UAE,Low,Verified,16-01-2025
779,Cust_779,UAE,Low,Verified,16-01-2022
780,Cust_780,India,Low,Pending,20-03-2025
781,Cust_781,India,Low,Verified,24-07-2024
782,Cust_782,India,Low,Verified,11-09-2022
783,Cust_783,India,Low,Verified,25-11-2022
784,Cust_784,India,Low,Verified,28-06-2023
785,Cust_785,India,Low,Verified,22-02-2024
786,Cust_786,Singapore,Low,Verified,23-09-2024
787,Cust_787,India,High,Verified,24-04-2024
788,Cust_788,India,Low,Verified,07-04-2025
789,Cust_789,India,Low,Verified,01-01-2023
790,Cust_790,Singapore,Low,Pending,17-10-2023
791,Cust_791,India,Low,Verified,30-01-2024
792,Cust_792,India,Low,Verified,01-10-2023
793,Cust_793,India,Low,Verified,29-11-2024
794,Cust_794,India,Low,Verified,12-07-2024
795,Cust_795,India,Low,Verified,20-02-2023
796,Cust_796,UK,Low,Verified,12-09-2022
797,Cust_797,Singapore,Low,Verified,12-03-2025
798,Cust_798,India,Low,Verified,11-12-2023
799,Cust_799,India,Low,Verified,31-07-2023
800,Cust_800,Singapore,Low,Verified,18-06-2024
801,Cust_801,UAE,Medium,Verified,11-01-2022
802,Cust_802,India,Low,Pending,26-01-2022
803,Cust_803,India,Low,Verified,14-08-2024
804,Cust_804,India,Low,Pending,25-02-2023
805,Cust_805,India,High,Verified,11-05-2023
806,Cust_806,UAE,Low,Pending,25-08-2022
807,Cust_807,Singapore,Low,Verified,05-10-2024
808,Cust_808,Singapore,Low,Verified,07-08-2022
809,Cust_809,India,Low,Verified,06-04-2023
810,Cust_810,India,Low,Verified,25-10-2023
811,Cust_811,Singapore,Low,Verified,27-09-2023
812,Cust_812,UK,Medium,Verified,13-03-2025
813,Cust_813,India,Low,Verified,16-09-2024
814,Cust_814,Singapore,Medium,Verified,08-07-2022
815,Cust_815,UK,High,Verified,12-09-2022
816,Cust_816,India,Low,Verified,09-03-2022
817,Cust_817,India,Low,Verified,08-09-2023
818,Cust_818,India,Low,Verified,02-12-2022
819,Cust_819,India,Low,Verified,02-11-2023
820,Cust_820,India,Low,Verified,31-03-2024
821,Cust_821,UK,High,Verified,23-05-2024
822,Cust_822,India,Medium,Verified,27-10-2022
823,Cust_823,India,Low,Verified,23-12-2022
824,Cust_824,India,Low,Verified,13-09-2022
825,Cust_825,India,Medium,Verified,04-10-2024
826,Cust_826,Singapore,High,Verified,19-12-2022
827,Cust_827,India,Medium,Verified,08-06-2023
828,Cust_828,India,Low,Verified,07-08-2024
829,Cust_829,UAE,Low,Verified,26-01-2024
830,Cust_830,India,Low,Verified,11-10-2022
831,Cust_831,India,Low,Verified,09-04-2022
832,Cust_832,India,Low,Verified,16-07-2022
833,Cust_833,India,Low,Verified,27-04-2023
834,Cust_834,India,Low,Verified,27-05-2024
835,Cust_835,India,Low,Verified,07-09-2023
836,Cust_836,India,Low,Verified,10-09-2023
837,Cust_837,Singapore,Low,Pending,03-01-2023
838,Cust_838,India,Low,Verified,24-07-2023
839,Cust_839,India,Low,Pending,13-08-2023
840,Cust_840,India,Low,Verified,03-01-2025
841,Cust_841,India,Medium,Verified,01-12-2024
842,Cust_842,India,Low,Verified,26-02-2023
843,Cust_843,India,Low,Verified,15-04-2024
844,Cust_844,Singapore,Low,Verified,29-06-2023
845,Cust_845,India,High,Verified,12-03-2022
846,Cust_846,India,Low,Verified,02-02-2025
847,Cust_847,India,Low,Pending,29-01-2025
848,Cust_848,Singapore,Low,Verified,07-02-2024
849,Cust_849,India,Low,Verified,03-11-2022
850,Cust_850,India,Low,Verified,12-01-2023
851,Cust_851,India,Low,Verified,17-10-2023
852,Cust_852,UAE,High,Verified,09-11-2023
853,Cust_853,India,Low,Verified,03-02-2023
854,Cust_854,UK,Medium,Pending,09-08-2022
855,Cust_855,India,Medium,Verified,01-07-2022
856,Cust_856,India,Low,Verified,03-11-2022
857,Cust_857,India,High,Verified,06-06-2023
858,Cust_858,India,Low,Verified,10-10-2024
859,Cust_859,India,Low,Verified,04-01-2022
860,Cust_860,India,Low,Verified,12-05-2024
861,Cust_861,UAE,Low,Verified,27-04-2024
862,Cust_862,India,Low,Verified,14-03-2024
863,Cust_863,India,Low,Verified,03-08-2022
864,Cust_864,India,Low,Verified,29-08-2024
865,Cust_865,India,Low,Verified,11-04-2022
866,Cust_866,India,Low,Verified,20-08-2024
867,Cust_867,India,Low,Verified,27-07-2023
868,Cust_868,India,Low,Verified,20-10-2023
869,Cust_869,UK,Low,Verified,27-07-2024
870,Cust_870,Singapore,Medium,Verified,22-12-2024
871,Cust_871,India,Low,Verified,14-08-2022
872,Cust_872,India,Medium,Verified,15-04-2022
873,Cust_873,India,Low,Verified,11-02-2024
874,Cust_874,India,Low,Verified,05-03-2023
875,Cust_875,India,Low,Verified,10-03-2023
876,Cust_876,India,Low,Verified,17-11-2024
877,Cust_877,UAE,Low,Verified,13-11-2023
878,Cust_878,India,Medium,Pending,11-08-2023
879,Cust_879,India,Low,Verified,28-12-2024
880,Cust_880,India,Medium,Verified,15-05-2024
881,Cust_881,India,Medium,Verified,16-01-2024
882,Cust_882,India,Medium,Verified,05-04-2025
883,Cust_883,India,High,Pending,13-05-2024
884,Cust_884,India,Low,Verified,03-01-2023
885,Cust_885,UAE,Low,Pending,08-09-2022
886,Cust_886,India,Low,Pending,08-05-2024
887,Cust_887,India,Low,Pending,05-05-2024
888,Cust_888,India,Low,Verified,08-04-2025
889,Cust_889,India,Medium,Verified,18-01-2025
890,Cust_890,India,Low,Verified,15-07-2023
891,Cust_891,UAE,Low,Verified,21-10-2022
892,Cust_892,UK,Low,Verified,07-07-2024
893,Cust_893,UK,Low,Verified,19-03-2025
894,Cust_894,India,Low,Verified,01-03-2025
895,Cust_895,India,Medium,Verified,09-03-2023
896,Cust_896,India,Low,Verified,28-02-2022
897,Cust_897,India,Low,Verified,26-08-2024
898,Cust_898,UK,Low,Verified,15-04-2024
899,Cust_899,India,Low,Verified,18-07-2022
900,Cust_900,India,Low,Verified,03-08-2022
901,Cust_901,India,Low,Verified,16-06-2024
902,Cust_902,India,Low,Verified,17-04-2023
903,Cust_903,India,Low,Pending,04-09-2022
904,Cust_904,India,Low,Verified,17-01-2023
905,Cust_905,India,Low,Verified,17-09-2024
906,Cust_906,UK,Low,Verified,15-07-2024
907,Cust_907,UK,Low,Verified,06-04-2025
908,Cust_908,India,Low,Verified,14-07-2023
909,Cust_909,India,High,Verified,10-12-2024
910,Cust_910,India,Low,Verified,20-11-2023
911,Cust_911,India,Low,Verified,15-01-2023
912,Cust_912,India,Low,Verified,19-04-2023
913,Cust_913,India,Low,Verified,08-01-2025
914,Cust_914,India,Low,Pending,28-11-2023
915,Cust_915,India,Low,Pending,29-06-2024
916,Cust_916,India,High,Verified,17-08-2024
917,Cust_917,India,Low,Verified,23-04-2023
918,Cust_918,Singapore,Low,Verified,30-09-2024
919,Cust_919,UAE,Low,Verified,14-07-2024
920,Cust_920,India,Low,Verified,08-12-2023
921,Cust_921,UK,Low,Pending,03-05-2024
922,Cust_922,India,Low,Verified,11-02-2025
923,Cust_923,UK,Medium,Verified,13-10-2024
924,Cust_924,UAE,Low,Verified,24-01-2024
925,Cust_925,India,Low,Pending,18-05-2023
926,Cust_926,India,High,Verified,27-03-2024
927,Cust_927,India,Low,Verified,11-08-2023
928,Cust_928,India,High,Verified,09-12-2023
929,Cust_929,India,Low,Verified,03-12-2024
930,Cust_930,India,Medium,Verified,12-01-2025
931,Cust_931,India,Low,Pending,26-07-2022
932,Cust_932,UK,Medium,Verified,31-05-2022
933,Cust_933,Singapore,High,Verified,30-10-2023
934,Cust_934,India,Low,Verified,12-06-2023
935,Cust_935,India,High,Verified,14-06-2022
936,Cust_936,India,Low,Verified,05-07-2024
937,Cust_937,India,Low,Verified,14-03-2025
938,Cust_938,Singapore,Low,Verified,06-10-2024
939,Cust_939,India,Low,Verified,06-02-2022
940,Cust_940,India,Low,Verified,29-11-2022
941,Cust_941,India,Low,Verified,07-02-2023
942,Cust_942,India,Low,Pending,18-02-2023
943,Cust_943,India,Medium,Verified,14-02-2022
944,Cust_944,UK,Medium,Verified,25-07-2022
945,Cust_945,India,Low,Verified,03-03-2022
946,Cust_946,India,Low,Verified,24-02-2023
947,Cust_947,India,Low,Verified,17-05-2024
948,Cust_948,Singapore,Low,Verified,30-03-2024
949,Cust_949,UK,Low,Verified,19-01-2022
950,Cust_950,India,Low,Verified,31-12-2022
951,Cust_951,India,Low,Verified,27-10-2024
952,Cust_952,India,High,Verified,04-03-2023
953,Cust_953,India,Low,Pending,14-02-2025
954,Cust_954,Singapore,Low,Verified,03-08-2023
955,Cust_955,India,Low,Verified,30-06-2023
956,Cust_956,India,Low,Pending,21-11-2022
957,Cust_957,India,Low,Pending,24-02-2022
958,Cust_958,India,Low,Verified,17-02-2024
959,Cust_959,India,Low,Verified,18-09-2024
960,Cust_960,UAE,Low,Verified,11-02-2022
961,Cust_961,India,High,Verified,19-08-2022
962,Cust_962,India,Medium,Verified,29-03-2023
963,Cust_963,India,Low,Verified,29-01-2023
964,Cust_964,India,Low,Verified,25-02-2025
965,Cust_965,India,Low,Verified,22-11-2023
966,Cust_966,India,Low,Verified,27-01-2023
967,Cust_967,UAE,Low,Verified,27-08-2023
968,Cust_968,India,Low,Verified,30-05-2024
969,Cust_969,India,Low,Verified,06-01-2025
970,Cust_970,India,Low,Verified,26-03-2022
971,Cust_971,India,Low,Pending,19-11-2024
972,Cust_972,Singapore,High,Verified,18-02-2022
973,Cust_973,UAE,High,Verified,14-03-2025
974,Cust_974,India,Medium,Verified,10-03-2022
975,Cust_975,India,Low,Verified,17-12-2024
976,Cust_976,India,Medium,Pending,28-11-2023
977,Cust_977,India,Low,Verified,24-04-2023
978,Cust_978,India,Medium,Verified,30-03-2024
979,Cust_979,India,Low,Verified,09-04-2025
980,Cust_980,India,Medium,Verified,27-05-2022
981,Cust_981,India,Low,Verified,12-10-2024
982,Cust_982,UAE,Medium,Verified,01-09-2023
983,Cust_983,India,High,Verified,22-03-2023
984,Cust_984,India,Low,Verified,09-08-2022
985,Cust_985,UAE,Low,Verified,05-04-2022
986,Cust_986,India,High,Pending,19-09-2022
987,Cust_987,India,Low,Verified,15-06-2024
988,Cust_988,India,Medium,Verified,30-12-2024
989,Cust_989,India,Low,Verified,07-08-2022
990,Cust_990,UK,Low,Pending,02-04-2022
991,Cust_991,UAE,Low,Verified,07-05-2022
992,Cust_992,India,Low,Verified,21-03-2022
993,Cust_993,India,Medium,Verified,09-09-2024
994,Cust_994,India,Low,Verified,04-07-2024
995,Cust_995,India,Low,Verified,01-05-2023
996,Cust_996,India,Low,Verified,25-11-2023
997,Cust_997,Singapore,Low,Verified,25-01-2022
998,Cust_998,India,Medium,Verified,05-06-2022
999,Cust_999,Singapore,High,Verified,24-09-2023
1000,Cust_1000,India,Low,Verified,16-12-2024
1001,Cust_1001,India,Medium,Verified,19-01-2022
1002,Cust_1002,India,Medium,Verified,25-08-2022
1003,Cust_1003,UK,Low,Verified,04-10-2022
1004,Cust_1004,UAE,High,Verified,15-01-2024
1005,Cust_1005,UK,Low,Verified,06-07-2023
1006,Cust_1006,India,Low,Verified,22-03-2025
1007,Cust_1007,India,Medium,Verified,01-10-2023
1008,Cust_1008,UK,Low,Verified,25-08-2022
1009,Cust_1009,India,Medium,Verified,24-09-2024
1010,Cust_1010,India,Medium,Verified,24-02-2022
1011,Cust_1011,India,Low,Verified,15-11-2023
1012,Cust_1012,Singapore,Medium,Verified,19-04-2022
1013,Cust_1013,Singapore,Low,Verified,08-01-2023
1014,Cust_1014,India,Low,Verified,30-08-2024
1015,Cust_1015,UAE,Low,Verified,20-07-2022
1016,Cust_1016,Singapore,High,Verified,28-04-2024
1017,Cust_1017,India,Low,Pending,24-05-2023
1018,Cust_1018,India,Low,Pending,02-10-2022
1019,Cust_1019,Singapore,Low,Verified,30-07-2022
1020,Cust_1020,India,Medium,Verified,19-05-2023
1021,Cust_1021,India,Low,Verified,15-02-2025
1022,Cust_1022,India,Low,Verified,04-12-2023
1023,Cust_1023,Singapore,Low,Verified,11-02-2022
1024,Cust_1024,Singapore,Low,Verified,11-11-2022
1025,Cust_1025,Singapore,Medium,Verified,27-02-2024
1026,Cust_1026,India,Low,Verified,25-11-2022
1027,Cust_1027,UK,Low,Verified,06-11-2024
1028,Cust_1028,UK,High,Verified,10-10-2022
1029,Cust_1029,India,Low,Verified,31-07-2024
1030,Cust_1030,UK,High,Verified,15-09-2022
1031,Cust_1031,India,Low,Verified,29-07-2023
1032,Cust_1032,India,Medium,Verified,28-07-2023
1033,Cust_1033,India,Low,Verified,04-09-2023
1034,Cust_1034,India,Low,Pending,08-11-2024
1035,Cust_1035,India,Medium,Verified,16-04-2024
1036,Cust_1036,India,Medium,Pending,27-02-2023
1037,Cust_1037,India,Medium,Pending,28-01-2024
1038,Cust_1038,UAE,Low,Verified,02-02-2024
1039,Cust_1039,India,Medium,Verified,09-01-2025
1040,Cust_1040,India,Medium,Verified,28-02-2023
1041,Cust_1041,India,Low,Pending,05-03-2023
1042,Cust_1042,UAE,Medium,Verified,23-07-2022
1043,Cust_1043,India,Medium,Verified,15-07-2022
1044,Cust_1044,India,Low,Verified,29-12-2023
1045,Cust_1045,UK,Low,Verified,12-10-2022
1046,Cust_1046,India,Low,Verified,15-07-2022
1047,Cust_1047,India,Low,Verified,03-11-2022
1048,Cust_1048,India,Low,Verified,14-01-2022
1049,Cust_1049,UK,Low,Pending,15-03-2025
1050,Cust_1050,India,Low,Verified,16-12-2024
1051,Cust_1051,UK,Low,Pending,24-12-2023
1052,Cust_1052,India,Low,Verified,19-02-2024
1053,Cust_1053,Singapore,Medium,Verified,13-06-2023
1054,Cust_1054,UAE,High,Verified,08-03-2024
1055,Cust_1055,Singapore,Low,Verified,10-12-2022
1056,Cust_1056,India,High,Verified,28-07-2022
1057,Cust_1057,UAE,Low,Verified,03-10-2023
1058,Cust_1058,India,Low,Verified,09-09-2022
1059,Cust_1059,India,Low,Pending,28-09-2022
1060,Cust_1060,India,Low,Pending,08-07-2024
1061,Cust_1061,UK,Medium,Verified,23-02-2023
1062,Cust_1062,Singapore,Medium,Verified,05-03-2024
1063,Cust_1063,UAE,Low,Verified,04-01-2025
1064,Cust_1064,India,Low,Verified,26-12-2023
1065,Cust_1065,India,Low,Pending,09-03-2023
1066,Cust_1066,UAE,Low,Verified,19-04-2022
1067,Cust_1067,India,Low,Verified,03-10-2023
1068,Cust_1068,India,Low,Pending,06-12-2024
1069,Cust_1069,India,Medium,Verified,14-01-2023
1070,Cust_1070,India,High,Verified,24-01-2025
1071,Cust_1071,India,Low,Verified,15-08-2024
1072,Cust_1072,India,High,Verified,13-04-2022
1073,Cust_1073,India,Low,Verified,10-06-2024
1074,Cust_1074,India,Low,Verified,03-05-2024
1075,Cust_1075,Singapore,Low,Verified,15-03-2025
1076,Cust_1076,India,Low,Verified,16-11-2024
1077,Cust_1077,India,High,Verified,14-06-2023
1078,Cust_1078,India,Low,Verified,10-11-2023
1079,Cust_1079,India,Low,Verified,15-09-2024
1080,Cust_1080,Singapore,Low,Verified,10-01-2025
1081,Cust_1081,UAE,Low,Verified,04-03-2023
1082,Cust_1082,India,Medium,Verified,01-04-2024
1083,Cust_1083,India,Low,Verified,31-03-2025
1084,Cust_1084,UK,Low,Verified,20-07-2024
1085,Cust_1085,Singapore,Low,Verified,27-11-2024
1086,Cust_1086,India,Low,Verified,26-05-2023
1087,Cust_1087,India,Low,Verified,28-01-2023
1088,Cust_1088,India,Low,Verified,14-12-2023
1089,Cust_1089,Singapore,Low,Verified,09-05-2023
1090,Cust_1090,India,Medium,Verified,01-07-2023
1091,Cust_1091,Singapore,Medium,Verified,17-08-2023
1092,Cust_1092,India,Medium,Verified,24-01-2023
1093,Cust_1093,India,Low,Verified,07-06-2022
1094,Cust_1094,India,Low,Pending,24-10-2024
1095,Cust_1095,India,Low,Verified,16-06-2022
1096,Cust_1096,India,Medium,Verified,17-08-2024
1097,Cust_1097,India,Low,Verified,13-02-2023
1098,Cust_1098,India,Low,Verified,13-07-2022
1099,Cust_1099,UAE,Low,Verified,23-08-2022
1100,Cust_1100,India,Low,Verified,19-12-2023
1101,Cust_1101,India,Low,Verified,19-03-2025
1102,Cust_1102,Singapore,Low,Verified,28-03-2025
1103,Cust_1103,UK,Medium,Verified,26-03-2024
1104,Cust_1104,Singapore,Low,Verified,08-02-2023
1105,Cust_1105,Singapore,Low,Verified,11-06-2024
1106,Cust_1106,India,Low,Verified,09-11-2023
1107,Cust_1107,India,Low,Pending,09-03-2022
1108,Cust_1108,UAE,Low,Verified,29-03-2022
1109,Cust_1109,India,Medium,Pending,05-08-2022
1110,Cust_1110,India,Low,Verified,01-01-2022
1111,Cust_1111,UK,Medium,Verified,04-03-2025
1112,Cust_1112,India,Low,Verified,20-05-2022
1113,Cust_1113,India,Low,Verified,10-09-2023
1114,Cust_1114,India,Medium,Verified,13-05-2022
1115,Cust_1115,India,Low,Verified,27-06-2022
1116,Cust_1116,India,Low,Verified,20-03-2024
1117,Cust_1117,India,Low,Pending,15-01-2023
1118,Cust_1118,UK,Low,Verified,26-06-2024
1119,Cust_1119,India,Medium,Verified,20-10-2023
1120,Cust_1120,India,Low,Verified,26-03-2023
1121,Cust_1121,UK,Medium,Verified,09-08-2023
1122,Cust_1122,Singapore,Medium,Verified,08-04-2023
1123,Cust_1123,UK,Low,Verified,16-09-2024
1124,Cust_1124,UK,High,Pending,05-02-2025
1125,Cust_1125,India,Low,Verified,02-05-2022
1126,Cust_1126,India,High,Verified,17-01-2022
1127,Cust_1127,India,Low,Verified,23-11-2022
1128,Cust_1128,India,Low,Pending,14-11-2022
1129,Cust_1129,India,Low,Verified,19-03-2024
1130,Cust_1130,India,Low,Verified,18-05-2023
1131,Cust_1131,UAE,Low,Verified,29-04-2022
1132,Cust_1132,India,Medium,Verified,11-12-2023
1133,Cust_1133,India,Low,Verified,14-02-2022
1134,Cust_1134,India,Low,Verified,10-11-2022
1135,Cust_1135,India,Medium,Verified,22-02-2023
1136,Cust_1136,India,Low,Verified,10-07-2023
1137,Cust_1137,UK,High,Verified,06-01-2025
1138,Cust_1138,India,Medium,Verified,22-11-2022
1139,Cust_1139,India,High,Verified,30-05-2023
1140,Cust_1140,India,Medium,Verified,02-08-2022
1141,Cust_1141,UK,Low,Verified,15-03-2022
1142,Cust_1142,India,Low,Verified,24-05-2023
1143,Cust_1143,India,Medium,Verified,28-11-2022
1144,Cust_1144,India,Low,Verified,21-01-2025
1145,Cust_1145,India,Low,Pending,19-11-2023
1146,Cust_1146,UK,Low,Verified,19-10-2023
1147,Cust_1147,UAE,High,Verified,24-10-2024
1148,Cust_1148,India,Low,Verified,07-03-2025
1149,Cust_1149,UK,Low,Verified,23-08-2023
1150,Cust_1150,UK,Low,Verified,11-12-2024
1151,Cust_1151,UAE,Low,Verified,21-11-2022
1152,Cust_1152,UK,Low,Verified,18-09-2024
1153,Cust_1153,India,Low,Verified,18-12-2023
1154,Cust_1154,India,Low,Verified,24-12-2023
1155,Cust_1155,India,Medium,Verified,04-10-2022
1156,Cust_1156,UAE,Low,Verified,20-06-2023
1157,Cust_1157,India,Medium,Verified,01-06-2022
1158,Cust_1158,UK,Medium,Pending,12-08-2024
1159,Cust_1159,UK,Low,Pending,16-09-2022
1160,Cust_1160,India,Low,Verified,20-11-2022
1161,Cust_1161,UK,Low,Verified,13-10-2024
1162,Cust_1162,India,Medium,Verified,18-05-2024
1163,Cust_1163,India,Low,Verified,06-04-2025
1164,Cust_1164,UAE,Low,Verified,19-11-2023
1165,Cust_1165,India,Low,Verified,06-11-2022
1166,Cust_1166,UK,Low,Verified,13-03-2024
1167,Cust_1167,UK,Low,Verified,15-12-2024
1168,Cust_1168,India,Low,Verified,12-09-2023
1169,Cust_1169,India,Medium,Verified,18-04-2023
1170,Cust_1170,India,Low,Verified,06-04-2023
1171,Cust_1171,India,Low,Verified,24-03-2024
1172,Cust_1172,Singapore,Low,Pending,25-04-2024
1173,Cust_1173,India,Medium,Verified,10-03-2025
1174,Cust_1174,India,Low,Verified,29-10-2023
1175,Cust_1175,India,Medium,Pending,19-09-2022
1176,Cust_1176,India,Low,Pending,21-12-2022
1177,Cust_1177,UAE,Low,Verified,09-02-2024
1178,Cust_1178,India,Low,Verified,29-06-2022
1179,Cust_1179,UAE,Low,Verified,07-03-2022
1180,Cust_1180,India,Low,Verified,30-03-2024
1181,Cust_1181,Singapore,Low,Verified,20-06-2022
1182,Cust_1182,India,Medium,Verified,19-04-2023
1183,Cust_1183,India,Low,Verified,18-06-2023
1184,Cust_1184,Singapore,Low,Verified,04-02-2025
1185,Cust_1185,India,Low,Verified,15-03-2023
1186,Cust_1186,Singapore,Low,Verified,14-04-2024
1187,Cust_1187,India,Low,Verified,15-08-2022
1188,Cust_1188,India,Low,Verified,18-03-2023
1189,Cust_1189,India,Low,Verified,31-01-2023
1190,Cust_1190,UAE,Low,Verified,29-12-2023
1191,Cust_1191,India,Low,Verified,25-03-2022
1192,Cust_1192,India,Low,Pending,02-11-2024
1193,Cust_1193,India,Low,Verified,24-11-2023
1194,Cust_1194,India,Low,Verified,08-05-2023
1195,Cust_1195,India,High,Verified,17-02-2025
1196,Cust_1196,UK,Low,Verified,27-08-2024
1197,Cust_1197,Singapore,Low,Verified,19-12-2022
1198,Cust_1198,Singapore,Low,Verified,16-12-2024
1199,Cust_1199,UAE,Medium,Verified,09-02-2022
1200,Cust_1200,India,Medium,Verified,02-10-2023
1201,Cust_1201,UAE,Low,Verified,22-06-2022
1202,Cust_1202,India,High,Verified,16-09-2022
1203,Cust_1203,India,Low,Verified,01-06-2023
1204,Cust_1204,India,Low,Pending,31-12-2023
1205,Cust_1205,India,Medium,Verified,07-06-2023
1206,Cust_1206,UAE,Medium,Verified,18-04-2024
1207,Cust_1207,India,Low,Verified,27-04-2022
1208,Cust_1208,India,Low,Verified,03-07-2022
1209,Cust_1209,India,Low,Verified,13-02-2025
1210,Cust_1210,Singapore,Low,Verified,11-06-2022
1211,Cust_1211,India,Medium,Verified,27-06-2023
1212,Cust_1212,India,Low,Verified,18-04-2024
1213,Cust_1213,India,Low,Verified,25-12-2024
1214,Cust_1214,UAE,Low,Verified,29-12-2024
1215,Cust_1215,India,Low,Verified,23-03-2023
1216,Cust_1216,India,Low,Verified,20-02-2023
1217,Cust_1217,India,Low,Verified,16-06-2023
1218,Cust_1218,India,High,Verified,17-03-2023
1219,Cust_1219,India,Medium,Verified,08-01-2024
1220,Cust_1220,India,Low,Verified,09-04-2023
1221,Cust_1221,Singapore,Medium,Verified,31-01-2023
1222,Cust_1222,India,Medium,Verified,12-12-2023
1223,Cust_1223,India,Medium,Pending,30-01-2023
1224,Cust_1224,Singapore,Low,Verified,22-11-2022
1225,Cust_1225,India,Low,Verified,19-01-2025
1226,Cust_1226,India,Low,Verified,20-01-2024
1227,Cust_1227,India,Low,Verified,29-12-2024
1228,Cust_1228,India,Low,Verified,04-04-2025
1229,Cust_1229,Singapore,Low,Verified,04-10-2023
1230,Cust_1230,India,Low,Verified,02-08-2022
1231,Cust_1231,UK,Medium,Verified,04-01-2023
1232,Cust_1232,India,Low,Verified,18-02-2022
1233,Cust_1233,India,Low,Verified,11-12-2024
1234,Cust_1234,India,High,Pending,13-05-2022
1235,Cust_1235,India,High,Verified,25-09-2024
1236,Cust_1236,India,Medium,Verified,25-02-2024
1237,Cust_1237,UK,High,Verified,04-04-2025
1238,Cust_1238,India,Low,Verified,08-01-2023
1239,Cust_1239,Singapore,High,Verified,24-04-2023
1240,Cust_1240,India,Low,Verified,11-04-2024
1241,Cust_1241,UK,Low,Verified,12-10-2023
1242,Cust_1242,UAE,Low,Verified,13-11-2023
1243,Cust_1243,UAE,Low,Verified,19-11-2023
1244,Cust_1244,UK,Low,Verified,23-03-2022
1245,Cust_1245,UAE,Low,Verified,28-03-2022
1246,Cust_1246,India,Medium,Pending,13-08-2022
1247,Cust_1247,India,Low,Verified,16-01-2022
1248,Cust_1248,India,Low,Verified,01-04-2024
1249,Cust_1249,Singapore,Medium,Verified,12-06-2022
1250,Cust_1250,India,Low,Pending,29-05-2023
1251,Cust_1251,UAE,Low,Verified,16-12-2022
1252,Cust_1252,India,Low,Verified,12-11-2023
1253,Cust_1253,India,Low,Verified,20-01-2025
1254,Cust_1254,India,Low,Verified,30-06-2022
1255,Cust_1255,India,High,Verified,13-01-2024
1256,Cust_1256,India,Low,Verified,22-10-2023
1257,Cust_1257,India,Low,Pending,08-05-2023
1258,Cust_1258,India,Medium,Verified,11-07-2024
1259,Cust_1259,India,Medium,Verified,08-05-2022
1260,Cust_1260,India,Low,Verified,19-07-2023
1261,Cust_1261,India,Low,Verified,04-07-2023
1262,Cust_1262,UAE,Low,Pending,29-03-2023
1263,Cust_1263,India,Low,Verified,16-04-2023
1264,Cust_1264,India,Low,Verified,14-09-2024
1265,Cust_1265,India,Low,Verified,08-01-2024
1266,Cust_1266,India,High,Verified,12-08-2022
1267,Cust_1267,India,Low,Verified,03-06-2022
1268,Cust_1268,India,Low,Verified,14-07-2023
1269,Cust_1269,India,Low,Verified,17-12-2022
1270,Cust_1270,India,Low,Pending,16-03-2025
1271,Cust_1271,India,Low,Verified,15-12-2022
1272,Cust_1272,UK,Low,Pending,01-07-2022
1273,Cust_1273,UAE,Medium,Verified,29-09-2023
1274,Cust_1274,India,Low,Verified,14-10-2024
1275,Cust_1275,India,Low,Verified,28-06-2022
1276,Cust_1276,India,Low,Verified,28-11-2024
1277,Cust_1277,India,Low,Verified,11-02-2024
1278,Cust_1278,Singapore,Low,Verified,12-06-2024
1279,Cust_1279,India,Low,Verified,23-10-2024
1280,Cust_1280,India,Low,Verified,12-10-2024
1281,Cust_1281,India,Low,Verified,05-03-2022
1282,Cust_1282,UAE,Medium,Verified,29-01-2022
1283,Cust_1283,India,High,Verified,07-01-2023
1284,Cust_1284,India,Medium,Verified,07-04-2022
1285,Cust_1285,India,Medium,Verified,19-09-2024
1286,Cust_1286,India,Low,Verified,21-01-2022
1287,Cust_1287,India,High,Pending,05-01-2024
1288,Cust_1288,India,Low,Verified,30-01-2025
1289,Cust_1289,India,High,Verified,05-12-2024
1290,Cust_1290,India,High,Verified,07-03-2022
1291,Cust_1291,India,Medium,Verified,26-08-2023
1292,Cust_1292,India,High,Verified,02-04-2025
1293,Cust_1293,India,Low,Verified,08-02-2025
1294,Cust_1294,India,Low,Pending,04-12-2022
1295,Cust_1295,UK,Low,Verified,03-05-2022
1296,Cust_1296,India,Low,Verified,23-03-2023
1297,Cust_1297,India,Low,Verified,03-09-2023
1298,Cust_1298,India,Low,Verified,02-11-2023
1299,Cust_1299,India,High,Verified,07-09-2023
1300,Cust_1300,UAE,Low,Verified,15-06-2024
1301,Cust_1301,India,Medium,Verified,08-10-2022
1302,Cust_1302,Singapore,High,Pending,02-12-2024
1303,Cust_1303,India,High,Verified,19-08-2023
1304,Cust_1304,India,High,Verified,04-12-2023
1305,Cust_1305,UAE,Low,Verified,10-12-2024
1306,Cust_1306,UK,High,Verified,29-07-2022
1307,Cust_1307,UAE,Medium,Verified,06-05-2022
1308,Cust_1308,UK,Low,Verified,07-05-2023
1309,Cust_1309,India,Low,Verified,17-08-2024
1310,Cust_1310,UK,Medium,Verified,27-08-2024
1311,Cust_1311,India,Low,Verified,04-08-2023
1312,Cust_1312,UK,Low,Pending,16-02-2024
1313,Cust_1313,India,Low,Verified,15-09-2022
1314,Cust_1314,UK,Low,Pending,18-08-2022
1315,Cust_1315,India,Low,Pending,08-07-2022
1316,Cust_1316,India,Medium,Verified,10-01-2022
1317,Cust_1317,India,Low,Verified,11-02-2025
1318,Cust_1318,UAE,Low,Verified,04-01-2025
1319,Cust_1319,India,Low,Verified,07-11-2023
1320,Cust_1320,India,Low,Verified,17-05-2023
1321,Cust_1321,India,High,Verified,26-03-2022
1322,Cust_1322,India,Low,Pending,18-02-2022
1323,Cust_1323,UK,Low,Verified,17-04-2024
1324,Cust_1324,India,Low,Verified,04-10-2024
1325,Cust_1325,Singapore,Low,Verified,20-11-2023
1326,Cust_1326,India,Medium,Pending,22-01-2023
1327,Cust_1327,India,Medium,Verified,27-08-2024
1328,Cust_1328,UAE,Low,Pending,02-10-2024
1329,Cust_1329,India,Low,Verified,06-08-2022
1330,Cust_1330,India,Low,Verified,01-10-2024
1331,Cust_1331,India,Low,Verified,12-09-2022
1332,Cust_1332,UAE,Low,Verified,24-08-2022
1333,Cust_1333,India,Low,Verified,15-11-2024
1334,Cust_1334,Singapore,Low,Verified,28-09-2022
1335,Cust_1335,Singapore,Low,Verified,03-05-2022
1336,Cust_1336,India,High,Verified,18-10-2023
1337,Cust_1337,India,High,Verified,16-09-2022
1338,Cust_1338,India,Low,Pending,05-08-2024
1339,Cust_1339,India,Medium,Verified,16-02-2022
1340,Cust_1340,India,Low,Verified,12-05-2024
1341,Cust_1341,India,Low,Verified,09-06-2023
1342,Cust_1342,India,Medium,Verified,06-06-2024
1343,Cust_1343,UK,High,Verified,27-07-2022
1344,Cust_1344,UAE,High,Verified,17-01-2024
1345,Cust_1345,UAE,Low,Verified,29-05-2022
1346,Cust_1346,India,Low,Verified,14-03-2023
1347,Cust_1347,India,Medium,Verified,04-06-2022
1348,Cust_1348,India,Low,Verified,18-01-2025
1349,Cust_1349,Singapore,Low,Verified,24-12-2022
1350,Cust_1350,India,Low,Verified,12-04-2025
1351,Cust_1351,UK,Low,Verified,01-04-2023
1352,Cust_1352,India,Low,Verified,15-02-2024
1353,Cust_1353,India,Low,Verified,21-09-2023
1354,Cust_1354,UAE,High,Pending,11-04-2024
1355,Cust_1355,India,Low,Verified,01-05-2023
1356,Cust_1356,UK,Low,Verified,17-06-2023
1357,Cust_1357,Singapore,Low,Verified,19-07-2022
1358,Cust_1358,India,Low,Verified,06-01-2023
1359,Cust_1359,India,Low,Verified,10-10-2024
1360,Cust_1360,India,Low,Verified,02-05-2024
1361,Cust_1361,Singapore,Medium,Verified,05-09-2022
1362,Cust_1362,India,Low,Verified,27-02-2024
1363,Cust_1363,India,High,Verified,21-09-2022
1364,Cust_1364,India,Low,Verified,17-12-2024
1365,Cust_1365,UAE,Low,Verified,31-01-2022
1366,Cust_1366,India,Low,Verified,28-08-2023
1367,Cust_1367,UAE,Low,Verified,17-05-2023
1368,Cust_1368,Singapore,Medium,Verified,12-01-2025
1369,Cust_1369,India,Low,Verified,04-06-2024
1370,Cust_1370,India,Low,Verified,03-07-2023
1371,Cust_1371,Singapore,Medium,Verified,18-04-2024
1372,Cust_1372,India,High,Verified,21-01-2025
1373,Cust_1373,UK,Medium,Verified,27-04-2024
1374,Cust_1374,India,Low,Verified,06-09-2023
1375,Cust_1375,India,Medium,Verified,16-02-2023
1376,Cust_1376,UK,Low,Verified,08-03-2023
1377,Cust_1377,India,Low,Verified,09-11-2023
1378,Cust_1378,India,Low,Verified,08-06-2022
1379,Cust_1379,India,Low,Verified,14-01-2022
1380,Cust_1380,India,Low,Verified,08-01-2023
1381,Cust_1381,India,Low,Verified,13-08-2022
1382,Cust_1382,India,Medium,Verified,01-01-2025
1383,Cust_1383,Singapore,Low,Verified,26-05-2023
1384,Cust_1384,India,Low,Verified,26-08-2023
1385,Cust_1385,India,Low,Pending,04-08-2022
1386,Cust_1386,India,High,Verified,14-09-2024
1387,Cust_1387,UAE,Low,Pending,19-04-2024
1388,Cust_1388,India,Low,Verified,28-12-2023
1389,Cust_1389,Singapore,Medium,Verified,08-07-2023
1390,Cust_1390,India,Medium,Verified,01-12-2024
1391,Cust_1391,India,Low,Verified,07-11-2023
1392,Cust_1392,India,Low,Verified,22-05-2024
1393,Cust_1393,India,Medium,Verified,10-10-2022
1394,Cust_1394,India,Low,Verified,17-12-2024
1395,Cust_1395,India,Low,Pending,13-04-2024
1396,Cust_1396,UK,Medium,Verified,21-06-2023
1397,Cust_1397,India,Low,Verified,01-01-2025
1398,Cust_1398,India,Low,Verified,11-07-2024
1399,Cust_1399,India,Low,Verified,26-02-2025
1400,Cust_1400,UAE,Low,Verified,21-04-2024
1401,Cust_1401,India,Low,Verified,05-08-2024
1402,Cust_1402,India,Medium,Verified,27-10-2023
1403,Cust_1403,India,Low,Verified,22-02-2025
1404,Cust_1404,UAE,Low,Verified,08-03-2022
1405,Cust_1405,India,Low,Pending,06-01-2022
1406,Cust_1406,India,Low,Verified,29-09-2023
1407,Cust_1407,UK,High,Pending,10-11-2022
1408,Cust_1408,UK,Low,Verified,19-07-2023
1409,Cust_1409,India,Low,Verified,05-04-2024
1410,Cust_1410,UK,Low,Verified,21-05-2023
1411,Cust_1411,India,Low,Verified,10-01-2025
1412,Cust_1412,India,Low,Verified,22-10-2024
1413,Cust_1413,India,Medium,Verified,23-07-2022
1414,Cust_1414,India,High,Verified,24-10-2023
1415,Cust_1415,India,Low,Verified,15-03-2024
1416,Cust_1416,Singapore,Low,Verified,08-02-2023
1417,Cust_1417,India,Medium,Verified,31-01-2025
1418,Cust_1418,India,Medium,Verified,20-06-2023
1419,Cust_1419,India,Low,Verified,31-07-2023
1420,Cust_1420,Singapore,Low,Verified,02-02-2024
1421,Cust_1421,India,Low,Verified,27-04-2022
1422,Cust_1422,India,Medium,Pending,20-09-2023
1423,Cust_1423,India,Medium,Verified,19-01-2024
1424,Cust_1424,India,Low,Verified,15-04-2022
1425,Cust_1425,Singapore,Low,Verified,10-05-2023
1426,Cust_1426,Singapore,High,Verified,15-02-2022
1427,Cust_1427,India,Medium,Verified,02-04-2024
1428,Cust_1428,Singapore,High,Verified,08-09-2024
1429,Cust_1429,India,Medium,Verified,17-08-2024
1430,Cust_1430,UK,Low,Verified,24-04-2024
1431,Cust_1431,India,Low,Verified,25-03-2023
1432,Cust_1432,India,Low,Verified,20-06-2023
1433,Cust_1433,India,Low,Verified,26-05-2023
1434,Cust_1434,India,Low,Pending,24-06-2023
1435,Cust_1435,India,Medium,Verified,16-01-2022
1436,Cust_1436,India,Low,Verified,31-08-2022
1437,Cust_1437,India,Medium,Verified,30-06-2024
1438,Cust_1438,UAE,Low,Verified,31-01-2024
1439,Cust_1439,India,High,Pending,06-12-2023
1440,Cust_1440,India,Low,Verified,25-04-2022
1441,Cust_1441,Singapore,Low,Pending,01-02-2023
1442,Cust_1442,India,Low,Verified,29-01-2023
1443,Cust_1443,India,Low,Verified,03-01-2025
1444,Cust_1444,India,Medium,Verified,04-09-2024
1445,Cust_1445,UK,Medium,Verified,31-01-2025
1446,Cust_1446,India,Low,Pending,24-10-2022
1447,Cust_1447,India,Low,Verified,28-09-2024
1448,Cust_1448,UK,Low,Verified,27-06-2022
1449,Cust_1449,Singapore,Low,Verified,24-08-2024
1450,Cust_1450,India,High,Verified,11-11-2022
1451,Cust_1451,India,Medium,Verified,28-11-2024
1452,Cust_1452,India,Low,Verified,16-09-2022
1453,Cust_1453,UK,Medium,Verified,07-01-2022
1454,Cust_1454,India,Low,Verified,18-02-2022
1455,Cust_1455,India,High,Pending,10-06-2022
1456,Cust_1456,Singapore,Low,Verified,25-06-2022
1457,Cust_1457,India,Medium,Verified,22-10-2024
1458,Cust_1458,India,Medium,Verified,27-09-2024
1459,Cust_1459,India,Low,Verified,31-03-2023
1460,Cust_1460,India,Medium,Verified,03-10-2022
1461,Cust_1461,India,Low,Verified,13-05-2023
1462,Cust_1462,India,Low,Verified,07-11-2023
1463,Cust_1463,India,Low,Pending,17-11-2024
1464,Cust_1464,India,High,Verified,21-10-2024
1465,Cust_1465,Singapore,Medium,Verified,25-02-2022
1466,Cust_1466,India,Medium,Verified,01-07-2023
1467,Cust_1467,Singapore,Medium,Verified,09-02-2025
1468,Cust_1468,India,Low,Verified,05-02-2022
1469,Cust_1469,UK,High,Pending,15-03-2023
1470,Cust_1470,UAE,Low,Pending,18-08-2023
1471,Cust_1471,India,Low,Pending,03-11-2022
1472,Cust_1472,UAE,Low,Pending,11-09-2023
1473,Cust_1473,UK,Medium,Verified,06-02-2025
1474,Cust_1474,India,Medium,Verified,23-12-2022
1475,Cust_1475,India,Low,Verified,30-06-2022
1476,Cust_1476,India,Low,Verified,09-03-2022
1477,Cust_1477,UK,Medium,Verified,19-10-2022
1478,Cust_1478,UAE,Low,Verified,23-11-2023
1479,Cust_1479,UAE,Medium,Verified,30-06-2022
1480,Cust_1480,India,High,Verified,10-03-2023
1481,Cust_1481,UK,Low,Verified,02-07-2024
1482,Cust_1482,India,Low,Verified,07-03-2022
1483,Cust_1483,India,Medium,Verified,10-11-2024
1484,Cust_1484,India,Medium,Verified,19-01-2023
1485,Cust_1485,India,Low,Verified,08-02-2022
1486,Cust_1486,India,High,Verified,01-04-2024
1487,Cust_1487,India,Low,Verified,25-08-2023
1488,Cust_1488,India,Low,Verified,24-02-2024
1489,Cust_1489,India,Medium,Verified,02-11-2023
1490,Cust_1490,India,Medium,Verified,01-01-2025
1491,Cust_1491,India,Low,Verified,24-04-2023
1492,Cust_1492,India,Medium,Verified,15-07-2023
1493,Cust_1493,India,Low,Verified,11-04-2022
1494,Cust_1494,India,Low,Verified,29-05-2023
1495,Cust_1495,India,Low,Verified,25-06-2022
1496,Cust_1496,India,Medium,Verified,26-08-2022
1497,Cust_1497,India,Low,Verified,28-06-2024
1498,Cust_1498,India,Low,Verified,18-12-2024
1499,Cust_1499,India,Low,Verified,27-01-2025
1500,Cust_1500,UK,Medium,Verified,20-05-2024
